Week_Start,SKU,Weekly_Units_Sold
2024-01-01,SKU001,106
2024-01-08,SKU001,85
2024-01-15,SKU001,117
2024-01-22,SKU001,89
2024-01-29,SKU001,119
2024-02-05,SKU001,112
2024-02-12,SKU001,104
2024-02-19,SKU001,120
2024-02-26,SKU001,103
2024-03-04,SKU001,119
2024-03-11,SKU001,122
2024-03-18,SKU001,130
2024-03-25,SKU001,102
2024-04-01,SKU001,122
2024-04-08,SKU001,115
2024-04-15,SKU001,103
2024-04-22,SKU001,112
2024-04-29,SKU001,110
2024-05-06,SKU001,117
2024-05-13,SKU001,115
2024-05-20,SKU001,115
2024-05-27,SKU001,108
2024-06-03,SKU001,126
2024-06-10,SKU001,106
2024-06-17,SKU001,100
2024-06-24,SKU001,124
2024-07-01,SKU001,84
2024-07-08,SKU001,101
2024-07-15,SKU001,75
2024-07-22,SKU001,96
2024-07-29,SKU001,94
2024-08-05,SKU001,82
2024-08-12,SKU001,89
2024-08-19,SKU001,98
2024-08-26,SKU001,92
2024-09-02,SKU001,96
2024-09-09,SKU001,89
2024-09-16,SKU001,104
2024-09-23,SKU001,109
2024-09-30,SKU001,71
2024-10-07,SKU001,82
2024-10-14,SKU001,88
2024-10-21,SKU001,89
2024-10-28,SKU001,83
2024-11-04,SKU001,99
2024-11-11,SKU001,80
2024-11-18,SKU001,88
2024-11-25,SKU001,68
2024-12-02,SKU001,83
2024-12-09,SKU001,94
2024-12-16,SKU001,77
2024-12-23,SKU001,105
2024-12-30,SKU001,78
2025-01-06,SKU001,100
2025-01-13,SKU001,89
2025-01-20,SKU001,103
2025-01-27,SKU001,100
2025-02-03,SKU001,106
2025-02-10,SKU001,124
2025-02-17,SKU001,116
2025-02-24,SKU001,111
2025-03-03,SKU001,98
2025-03-10,SKU001,133
2025-03-17,SKU001,128
2025-03-24,SKU001,115
2025-03-31,SKU001,100
2025-04-07,SKU001,112
2025-04-14,SKU001,108
2025-04-21,SKU001,134
2025-04-28,SKU001,99
2025-05-05,SKU001,119
2025-05-12,SKU001,115
2025-05-19,SKU001,119
2025-05-26,SKU001,111
2025-06-02,SKU001,121
2025-06-09,SKU001,104
2025-06-16,SKU001,110
2025-06-23,SKU001,134
2025-06-30,SKU001,101
2025-07-07,SKU001,111
2025-07-14,SKU001,118
2025-07-21,SKU001,111
2025-07-28,SKU001,101
2025-08-04,SKU001,77
2025-08-11,SKU001,90
2025-08-18,SKU001,91
2025-08-25,SKU001,97
2025-09-01,SKU001,88
2025-09-08,SKU001,93
2025-09-15,SKU001,88
2025-09-22,SKU001,86
2025-09-29,SKU001,83
2025-10-06,SKU001,82
2025-10-13,SKU001,82
2025-10-20,SKU001,78
2025-10-27,SKU001,93
2025-11-03,SKU001,92
2025-11-10,SKU001,87
2025-11-17,SKU001,84
2025-11-24,SKU001,84
2025-12-01,SKU001,88
2025-12-08,SKU001,89
2025-12-15,SKU001,91
2025-12-22,SKU001,76
2025-12-29,SKU001,37
2024-01-01,SKU002,83
2024-01-08,SKU002,61
2024-01-15,SKU002,57
2024-01-22,SKU002,62
2024-01-29,SKU002,68
2024-02-05,SKU002,72
2024-02-12,SKU002,65
2024-02-19,SKU002,64
2024-02-26,SKU002,74
2024-03-04,SKU002,69
2024-03-11,SKU002,103
2024-03-18,SKU002,89
2024-03-25,SKU002,106
2024-04-01,SKU002,79
2024-04-08,SKU002,76
2024-04-15,SKU002,93
2024-04-22,SKU002,75
2024-04-29,SKU002,91
2024-05-06,SKU002,88
2024-05-13,SKU002,86
2024-05-20,SKU002,78
2024-05-27,SKU002,77
2024-06-03,SKU002,76
2024-06-10,SKU002,82
2024-06-17,SKU002,62
2024-06-24,SKU002,80
2024-07-01,SKU002,81
2024-07-08,SKU002,74
2024-07-15,SKU002,84
2024-07-22,SKU002,59
2024-07-29,SKU002,51
2024-08-05,SKU002,65
2024-08-12,SKU002,58
2024-08-19,SKU002,46
2024-08-26,SKU002,69
2024-09-02,SKU002,56
2024-09-09,SKU002,61
2024-09-16,SKU002,59
2024-09-23,SKU002,63
2024-09-30,SKU002,51
2024-10-07,SKU002,65
2024-10-14,SKU002,72
2024-10-21,SKU002,47
2024-10-28,SKU002,65
2024-11-04,SKU002,52
2024-11-11,SKU002,67
2024-11-18,SKU002,66
2024-11-25,SKU002,57
2024-12-02,SKU002,66
2024-12-09,SKU002,57
2024-12-16,SKU002,59
2024-12-23,SKU002,65
2024-12-30,SKU002,70
2025-01-06,SKU002,63
2025-01-13,SKU002,67
2025-01-20,SKU002,66
2025-01-27,SKU002,85
2025-02-03,SKU002,71
2025-02-10,SKU002,79
2025-02-17,SKU002,82
2025-02-24,SKU002,95
2025-03-03,SKU002,99
2025-03-10,SKU002,80
2025-03-17,SKU002,81
2025-03-24,SKU002,96
2025-03-31,SKU002,80
2025-04-07,SKU002,89
2025-04-14,SKU002,82
2025-04-21,SKU002,79
2025-04-28,SKU002,67
2025-05-05,SKU002,77
2025-05-12,SKU002,84
2025-05-19,SKU002,82
2025-05-26,SKU002,93
2025-06-02,SKU002,73
2025-06-09,SKU002,91
2025-06-16,SKU002,84
2025-06-23,SKU002,70
2025-06-30,SKU002,53
2025-07-07,SKU002,78
2025-07-14,SKU002,69
2025-07-21,SKU002,76
2025-07-28,SKU002,75
2025-08-04,SKU002,60
2025-08-11,SKU002,70
2025-08-18,SKU002,70
2025-08-25,SKU002,79
2025-09-01,SKU002,62
2025-09-08,SKU002,65
2025-09-15,SKU002,79
2025-09-22,SKU002,60
2025-09-29,SKU002,63
2025-10-06,SKU002,56
2025-10-13,SKU002,59
2025-10-20,SKU002,51
2025-10-27,SKU002,70
2025-11-03,SKU002,72
2025-11-10,SKU002,60
2025-11-17,SKU002,64
2025-11-24,SKU002,66
2025-12-01,SKU002,51
2025-12-08,SKU002,55
2025-12-15,SKU002,55
2025-12-22,SKU002,51
2025-12-29,SKU002,27
2024-01-01,SKU003,36
2024-01-08,SKU003,32
2024-01-15,SKU003,32
2024-01-22,SKU003,43
2024-01-29,SKU003,40
2024-02-05,SKU003,46
2024-02-12,SKU003,34
2024-02-19,SKU003,44
2024-02-26,SKU003,52
2024-03-04,SKU003,66
2024-03-11,SKU003,46
2024-03-18,SKU003,48
2024-03-25,SKU003,49
2024-04-01,SKU003,48
2024-04-08,SKU003,47
2024-04-15,SKU003,47
2024-04-22,SKU003,45
2024-04-29,SKU003,45
2024-05-06,SKU003,37
2024-05-13,SKU003,41
2024-05-20,SKU003,50
2024-05-27,SKU003,60
2024-06-03,SKU003,52
2024-06-10,SKU003,47
2024-06-17,SKU003,57
2024-06-24,SKU003,30
2024-07-01,SKU003,43
2024-07-08,SKU003,32
2024-07-15,SKU003,28
2024-07-22,SKU003,42
2024-07-29,SKU003,45
2024-08-05,SKU003,35
2024-08-12,SKU003,37
2024-08-19,SKU003,38
2024-08-26,SKU003,40
2024-09-02,SKU003,38
2024-09-09,SKU003,30
2024-09-16,SKU003,41
2024-09-23,SKU003,32
2024-09-30,SKU003,32
2024-10-07,SKU003,34
2024-10-14,SKU003,27
2024-10-21,SKU003,35
2024-10-28,SKU003,17
2024-11-04,SKU003,41
2024-11-11,SKU003,38
2024-11-18,SKU003,39
2024-11-25,SKU003,36
2024-12-02,SKU003,38
2024-12-09,SKU003,23
2024-12-16,SKU003,48
2024-12-23,SKU003,30
2024-12-30,SKU003,32
2025-01-06,SKU003,34
2025-01-13,SKU003,41
2025-01-20,SKU003,23
2025-01-27,SKU003,40
2025-02-03,SKU003,34
2025-02-10,SKU003,47
2025-02-17,SKU003,45
2025-02-24,SKU003,54
2025-03-03,SKU003,44
2025-03-10,SKU003,57
2025-03-17,SKU003,69
2025-03-24,SKU003,50
2025-03-31,SKU003,38
2025-04-07,SKU003,48
2025-04-14,SKU003,48
2025-04-21,SKU003,49
2025-04-28,SKU003,41
2025-05-05,SKU003,50
2025-05-12,SKU003,41
2025-05-19,SKU003,43
2025-05-26,SKU003,45
2025-06-02,SKU003,50
2025-06-09,SKU003,53
2025-06-16,SKU003,48
2025-06-23,SKU003,44
2025-06-30,SKU003,42
2025-07-07,SKU003,44
2025-07-14,SKU003,37
2025-07-21,SKU003,41
2025-07-28,SKU003,26
2025-08-04,SKU003,38
2025-08-11,SKU003,39
2025-08-18,SKU003,34
2025-08-25,SKU003,27
2025-09-01,SKU003,34
2025-09-08,SKU003,42
2025-09-15,SKU003,39
2025-09-22,SKU003,42
2025-09-29,SKU003,43
2025-10-06,SKU003,33
2025-10-13,SKU003,26
2025-10-20,SKU003,34
2025-10-27,SKU003,41
2025-11-03,SKU003,39
2025-11-10,SKU003,37
2025-11-17,SKU003,41
2025-11-24,SKU003,29
2025-12-01,SKU003,38
2025-12-08,SKU003,33
2025-12-15,SKU003,23
2025-12-22,SKU003,34
2025-12-29,SKU003,17
2024-01-01,SKU004,31
2024-01-08,SKU004,25
2024-01-15,SKU004,38
2024-01-22,SKU004,33
2024-01-29,SKU004,43
2024-02-05,SKU004,34
2024-02-12,SKU004,35
2024-02-19,SKU004,22
2024-02-26,SKU004,45
2024-03-04,SKU004,40
2024-03-11,SKU004,41
2024-03-18,SKU004,36
2024-03-25,SKU004,27
2024-04-01,SKU004,35
2024-04-08,SKU004,30
2024-04-15,SKU004,44
2024-04-22,SKU004,28
2024-04-29,SKU004,37
2024-05-06,SKU004,47
2024-05-13,SKU004,54
2024-05-20,SKU004,40
2024-05-27,SKU004,28
2024-06-03,SKU004,41
2024-06-10,SKU004,40
2024-06-17,SKU004,37
2024-06-24,SKU004,34
2024-07-01,SKU004,28
2024-07-08,SKU004,33
2024-07-15,SKU004,35
2024-07-22,SKU004,32
2024-07-29,SKU004,32
2024-08-05,SKU004,33
2024-08-12,SKU004,30
2024-08-19,SKU004,29
2024-08-26,SKU004,22
2024-09-02,SKU004,30
2024-09-09,SKU004,34
2024-09-16,SKU004,29
2024-09-23,SKU004,26
2024-09-30,SKU004,26
2024-10-07,SKU004,29
2024-10-14,SKU004,29
2024-10-21,SKU004,26
2024-10-28,SKU004,32
2024-11-04,SKU004,29
2024-11-11,SKU004,26
2024-11-18,SKU004,19
2024-11-25,SKU004,24
2024-12-02,SKU004,30
2024-12-09,SKU004,33
2024-12-16,SKU004,27
2024-12-23,SKU004,28
2024-12-30,SKU004,37
2025-01-06,SKU004,35
2025-01-13,SKU004,24
2025-01-20,SKU004,38
2025-01-27,SKU004,34
2025-02-03,SKU004,32
2025-02-10,SKU004,37
2025-02-17,SKU004,33
2025-02-24,SKU004,50
2025-03-03,SKU004,36
2025-03-10,SKU004,35
2025-03-17,SKU004,39
2025-03-24,SKU004,43
2025-03-31,SKU004,22
2025-04-07,SKU004,39
2025-04-14,SKU004,45
2025-04-21,SKU004,41
2025-04-28,SKU004,31
2025-05-05,SKU004,34
2025-05-12,SKU004,33
2025-05-19,SKU004,38
2025-05-26,SKU004,30
2025-06-02,SKU004,28
2025-06-09,SKU004,29
2025-06-16,SKU004,48
2025-06-23,SKU004,31
2025-06-30,SKU004,27
2025-07-07,SKU004,32
2025-07-14,SKU004,34
2025-07-21,SKU004,29
2025-07-28,SKU004,33
2025-08-04,SKU004,26
2025-08-11,SKU004,26
2025-08-18,SKU004,18
2025-08-25,SKU004,36
2025-09-01,SKU004,38
2025-09-08,SKU004,29
2025-09-15,SKU004,26
2025-09-22,SKU004,28
2025-09-29,SKU004,23
2025-10-06,SKU004,28
2025-10-13,SKU004,24
2025-10-20,SKU004,24
2025-10-27,SKU004,32
2025-11-03,SKU004,27
2025-11-10,SKU004,31
2025-11-17,SKU004,28
2025-11-24,SKU004,22
2025-12-01,SKU004,28
2025-12-08,SKU004,39
2025-12-15,SKU004,38
2025-12-22,SKU004,30
2025-12-29,SKU004,6
2024-01-01,SKU005,109
2024-01-08,SKU005,116
2024-01-15,SKU005,108
2024-01-22,SKU005,102
2024-01-29,SKU005,129
2024-02-05,SKU005,135
2024-02-12,SKU005,144
2024-02-19,SKU005,124
2024-02-26,SKU005,134
2024-03-04,SKU005,147
2024-03-11,SKU005,144
2024-03-18,SKU005,151
2024-03-25,SKU005,126
2024-04-01,SKU005,138
2024-04-08,SKU005,113
2024-04-15,SKU005,140
2024-04-22,SKU005,113
2024-04-29,SKU005,122
2024-05-06,SKU005,142
2024-05-13,SKU005,122
2024-05-20,SKU005,118
2024-05-27,SKU005,124
2024-06-03,SKU005,157
2024-06-10,SKU005,138
2024-06-17,SKU005,149
2024-06-24,SKU005,145
2024-07-01,SKU005,105
2024-07-08,SKU005,114
2024-07-15,SKU005,109
2024-07-22,SKU005,114
2024-07-29,SKU005,108
2024-08-05,SKU005,95
2024-08-12,SKU005,103
2024-08-19,SKU005,113
2024-08-26,SKU005,122
2024-09-02,SKU005,113
2024-09-09,SKU005,104
2024-09-16,SKU005,95
2024-09-23,SKU005,108
2024-09-30,SKU005,86
2024-10-07,SKU005,96
2024-10-14,SKU005,92
2024-10-21,SKU005,85
2024-10-28,SKU005,109
2024-11-04,SKU005,109
2024-11-11,SKU005,123
2024-11-18,SKU005,104
2024-11-25,SKU005,79
2024-12-02,SKU005,95
2024-12-09,SKU005,107
2024-12-16,SKU005,110
2024-12-23,SKU005,106
2024-12-30,SKU005,111
2025-01-06,SKU005,97
2025-01-13,SKU005,133
2025-01-20,SKU005,110
2025-01-27,SKU005,107
2025-02-03,SKU005,123
2025-02-10,SKU005,132
2025-02-17,SKU005,139
2025-02-24,SKU005,160
2025-03-03,SKU005,140
2025-03-10,SKU005,142
2025-03-17,SKU005,144
2025-03-24,SKU005,134
2025-03-31,SKU005,142
2025-04-07,SKU005,132
2025-04-14,SKU005,134
2025-04-21,SKU005,141
2025-04-28,SKU005,116
2025-05-05,SKU005,117
2025-05-12,SKU005,122
2025-05-19,SKU005,137
2025-05-26,SKU005,130
2025-06-02,SKU005,140
2025-06-09,SKU005,133
2025-06-16,SKU005,116
2025-06-23,SKU005,134
2025-06-30,SKU005,99
2025-07-07,SKU005,104
2025-07-14,SKU005,106
2025-07-21,SKU005,124
2025-07-28,SKU005,115
2025-08-04,SKU005,96
2025-08-11,SKU005,114
2025-08-18,SKU005,95
2025-08-25,SKU005,96
2025-09-01,SKU005,95
2025-09-08,SKU005,96
2025-09-15,SKU005,89
2025-09-22,SKU005,108
2025-09-29,SKU005,97
2025-10-06,SKU005,107
2025-10-13,SKU005,105
2025-10-20,SKU005,98
2025-10-27,SKU005,104
2025-11-03,SKU005,114
2025-11-10,SKU005,102
2025-11-17,SKU005,115
2025-11-24,SKU005,100
2025-12-01,SKU005,96
2025-12-08,SKU005,103
2025-12-15,SKU005,100
2025-12-22,SKU005,108
2025-12-29,SKU005,50
2024-01-01,SKU006,38
2024-01-08,SKU006,34
2024-01-15,SKU006,43
2024-01-22,SKU006,39
2024-01-29,SKU006,49
2024-02-05,SKU006,50
2024-02-12,SKU006,52
2024-02-19,SKU006,50
2024-02-26,SKU006,56
2024-03-04,SKU006,76
2024-03-11,SKU006,50
2024-03-18,SKU006,55
2024-03-25,SKU006,53
2024-04-01,SKU006,68
2024-04-08,SKU006,61
2024-04-15,SKU006,54
2024-04-22,SKU006,44
2024-04-29,SKU006,54
2024-05-06,SKU006,45
2024-05-13,SKU006,52
2024-05-20,SKU006,58
2024-05-27,SKU006,46
2024-06-03,SKU006,33
2024-06-10,SKU006,41
2024-06-17,SKU006,42
2024-06-24,SKU006,59
2024-07-01,SKU006,54
2024-07-08,SKU006,42
2024-07-15,SKU006,47
2024-07-22,SKU006,48
2024-07-29,SKU006,45
2024-08-05,SKU006,25
2024-08-12,SKU006,39
2024-08-19,SKU006,34
2024-08-26,SKU006,55
2024-09-02,SKU006,33
2024-09-09,SKU006,38
2024-09-16,SKU006,42
2024-09-23,SKU006,40
2024-09-30,SKU006,47
2024-10-07,SKU006,38
2024-10-14,SKU006,37
2024-10-21,SKU006,29
2024-10-28,SKU006,40
2024-11-04,SKU006,40
2024-11-11,SKU006,28
2024-11-18,SKU006,41
2024-11-25,SKU006,44
2024-12-02,SKU006,44
2024-12-09,SKU006,34
2024-12-16,SKU006,44
2024-12-23,SKU006,48
2024-12-30,SKU006,45
2025-01-06,SKU006,50
2025-01-13,SKU006,46
2025-01-20,SKU006,51
2025-01-27,SKU006,47
2025-02-03,SKU006,46
2025-02-10,SKU006,45
2025-02-17,SKU006,51
2025-02-24,SKU006,57
2025-03-03,SKU006,58
2025-03-10,SKU006,66
2025-03-17,SKU006,42
2025-03-24,SKU006,55
2025-03-31,SKU006,56
2025-04-07,SKU006,53
2025-04-14,SKU006,46
2025-04-21,SKU006,67
2025-04-28,SKU006,44
2025-05-05,SKU006,66
2025-05-12,SKU006,55
2025-05-19,SKU006,51
2025-05-26,SKU006,50
2025-06-02,SKU006,57
2025-06-09,SKU006,64
2025-06-16,SKU006,42
2025-06-23,SKU006,54
2025-06-30,SKU006,41
2025-07-07,SKU006,31
2025-07-14,SKU006,45
2025-07-21,SKU006,43
2025-07-28,SKU006,49
2025-08-04,SKU006,46
2025-08-11,SKU006,38
2025-08-18,SKU006,42
2025-08-25,SKU006,36
2025-09-01,SKU006,43
2025-09-08,SKU006,40
2025-09-15,SKU006,45
2025-09-22,SKU006,48
2025-09-29,SKU006,43
2025-10-06,SKU006,38
2025-10-13,SKU006,29
2025-10-20,SKU006,34
2025-10-27,SKU006,36
2025-11-03,SKU006,39
2025-11-10,SKU006,31
2025-11-17,SKU006,45
2025-11-24,SKU006,40
2025-12-01,SKU006,37
2025-12-08,SKU006,41
2025-12-15,SKU006,41
2025-12-22,SKU006,43
2025-12-29,SKU006,20
2024-01-01,SKU007,172
2024-01-08,SKU007,178
2024-01-15,SKU007,189
2024-01-22,SKU007,176
2024-01-29,SKU007,171
2024-02-05,SKU007,163
2024-02-12,SKU007,195
2024-02-19,SKU007,173
2024-02-26,SKU007,201
2024-03-04,SKU007,195
2024-03-11,SKU007,212
2024-03-18,SKU007,223
2024-03-25,SKU007,192
2024-04-01,SKU007,199
2024-04-08,SKU007,222
2024-04-15,SKU007,199
2024-04-22,SKU007,198
2024-04-29,SKU007,188
2024-05-06,SKU007,174
2024-05-13,SKU007,184
2024-05-20,SKU007,209
2024-05-27,SKU007,242
2024-06-03,SKU007,196
2024-06-10,SKU007,203
2024-06-17,SKU007,219
2024-06-24,SKU007,204
2024-07-01,SKU007,187
2024-07-08,SKU007,179
2024-07-15,SKU007,180
2024-07-22,SKU007,172
2024-07-29,SKU007,160
2024-08-05,SKU007,141
2024-08-12,SKU007,164
2024-08-19,SKU007,160
2024-08-26,SKU007,151
2024-09-02,SKU007,157
2024-09-09,SKU007,174
2024-09-16,SKU007,151
2024-09-23,SKU007,170
2024-09-30,SKU007,130
2024-10-07,SKU007,123
2024-10-14,SKU007,128
2024-10-21,SKU007,124
2024-10-28,SKU007,152
2024-11-04,SKU007,172
2024-11-11,SKU007,159
2024-11-18,SKU007,167
2024-11-25,SKU007,132
2024-12-02,SKU007,148
2024-12-09,SKU007,137
2024-12-16,SKU007,167
2024-12-23,SKU007,147
2024-12-30,SKU007,175
2025-01-06,SKU007,171
2025-01-13,SKU007,156
2025-01-20,SKU007,179
2025-01-27,SKU007,178
2025-02-03,SKU007,179
2025-02-10,SKU007,171
2025-02-17,SKU007,171
2025-02-24,SKU007,189
2025-03-03,SKU007,217
2025-03-10,SKU007,191
2025-03-17,SKU007,194
2025-03-24,SKU007,208
2025-03-31,SKU007,201
2025-04-07,SKU007,194
2025-04-14,SKU007,200
2025-04-21,SKU007,201
2025-04-28,SKU007,199
2025-05-05,SKU007,168
2025-05-12,SKU007,180
2025-05-19,SKU007,203
2025-05-26,SKU007,196
2025-06-02,SKU007,185
2025-06-09,SKU007,174
2025-06-16,SKU007,187
2025-06-23,SKU007,212
2025-06-30,SKU007,181
2025-07-07,SKU007,187
2025-07-14,SKU007,161
2025-07-21,SKU007,167
2025-07-28,SKU007,181
2025-08-04,SKU007,145
2025-08-11,SKU007,158
2025-08-18,SKU007,146
2025-08-25,SKU007,170
2025-09-01,SKU007,152
2025-09-08,SKU007,153
2025-09-15,SKU007,162
2025-09-22,SKU007,171
2025-09-29,SKU007,129
2025-10-06,SKU007,149
2025-10-13,SKU007,158
2025-10-20,SKU007,131
2025-10-27,SKU007,152
2025-11-03,SKU007,142
2025-11-10,SKU007,131
2025-11-17,SKU007,157
2025-11-24,SKU007,181
2025-12-01,SKU007,145
2025-12-08,SKU007,154
2025-12-15,SKU007,149
2025-12-22,SKU007,161
2025-12-29,SKU007,68
2024-01-01,SKU008,119
2024-01-08,SKU008,137
2024-01-15,SKU008,118
2024-01-22,SKU008,108
2024-01-29,SKU008,114
2024-02-05,SKU008,113
2024-02-12,SKU008,107
2024-02-19,SKU008,118
2024-02-26,SKU008,131
2024-03-04,SKU008,132
2024-03-11,SKU008,147
2024-03-18,SKU008,144
2024-03-25,SKU008,128
2024-04-01,SKU008,128
2024-04-08,SKU008,128
2024-04-15,SKU008,139
2024-04-22,SKU008,134
2024-04-29,SKU008,139
2024-05-06,SKU008,131
2024-05-13,SKU008,128
2024-05-20,SKU008,137
2024-05-27,SKU008,140
2024-06-03,SKU008,125
2024-06-10,SKU008,106
2024-06-17,SKU008,134
2024-06-24,SKU008,144
2024-07-01,SKU008,112
2024-07-08,SKU008,120
2024-07-15,SKU008,108
2024-07-22,SKU008,134
2024-07-29,SKU008,100
2024-08-05,SKU008,97
2024-08-12,SKU008,99
2024-08-19,SKU008,113
2024-08-26,SKU008,107
2024-09-02,SKU008,115
2024-09-09,SKU008,93
2024-09-16,SKU008,101
2024-09-23,SKU008,107
2024-09-30,SKU008,89
2024-10-07,SKU008,80
2024-10-14,SKU008,71
2024-10-21,SKU008,97
2024-10-28,SKU008,99
2024-11-04,SKU008,97
2024-11-11,SKU008,106
2024-11-18,SKU008,88
2024-11-25,SKU008,108
2024-12-02,SKU008,109
2024-12-09,SKU008,104
2024-12-16,SKU008,82
2024-12-23,SKU008,97
2024-12-30,SKU008,103
2025-01-06,SKU008,105
2025-01-13,SKU008,111
2025-01-20,SKU008,106
2025-01-27,SKU008,121
2025-02-03,SKU008,134
2025-02-10,SKU008,122
2025-02-17,SKU008,112
2025-02-24,SKU008,138
2025-03-03,SKU008,133
2025-03-10,SKU008,153
2025-03-17,SKU008,139
2025-03-24,SKU008,154
2025-03-31,SKU008,146
2025-04-07,SKU008,131
2025-04-14,SKU008,138
2025-04-21,SKU008,130
2025-04-28,SKU008,127
2025-05-05,SKU008,139
2025-05-12,SKU008,121
2025-05-19,SKU008,118
2025-05-26,SKU008,135
2025-06-02,SKU008,122
2025-06-09,SKU008,136
2025-06-16,SKU008,101
2025-06-23,SKU008,118
2025-06-30,SKU008,128
2025-07-07,SKU008,109
2025-07-14,SKU008,110
2025-07-21,SKU008,105
2025-07-28,SKU008,112
2025-08-04,SKU008,101
2025-08-11,SKU008,126
2025-08-18,SKU008,89
2025-08-25,SKU008,101
2025-09-01,SKU008,92
2025-09-08,SKU008,90
2025-09-15,SKU008,87
2025-09-22,SKU008,93
2025-09-29,SKU008,98
2025-10-06,SKU008,88
2025-10-13,SKU008,115
2025-10-20,SKU008,81
2025-10-27,SKU008,100
2025-11-03,SKU008,112
2025-11-10,SKU008,94
2025-11-17,SKU008,91
2025-11-24,SKU008,117
2025-12-01,SKU008,97
2025-12-08,SKU008,112
2025-12-15,SKU008,100
2025-12-22,SKU008,105
2025-12-29,SKU008,36
2024-01-01,SKU009,70
2024-01-08,SKU009,66
2024-01-15,SKU009,73
2024-01-22,SKU009,80
2024-01-29,SKU009,103
2024-02-05,SKU009,85
2024-02-12,SKU009,79
2024-02-19,SKU009,80
2024-02-26,SKU009,92
2024-03-04,SKU009,86
2024-03-11,SKU009,101
2024-03-18,SKU009,95
2024-03-25,SKU009,88
2024-04-01,SKU009,82
2024-04-08,SKU009,106
2024-04-15,SKU009,100
2024-04-22,SKU009,104
2024-04-29,SKU009,80
2024-05-06,SKU009,70
2024-05-13,SKU009,83
2024-05-20,SKU009,83
2024-05-27,SKU009,74
2024-06-03,SKU009,94
2024-06-10,SKU009,93
2024-06-17,SKU009,64
2024-06-24,SKU009,84
2024-07-01,SKU009,78
2024-07-08,SKU009,63
2024-07-15,SKU009,85
2024-07-22,SKU009,82
2024-07-29,SKU009,85
2024-08-05,SKU009,66
2024-08-12,SKU009,70
2024-08-19,SKU009,59
2024-08-26,SKU009,58
2024-09-02,SKU009,58
2024-09-09,SKU009,56
2024-09-16,SKU009,58
2024-09-23,SKU009,67
2024-09-30,SKU009,42
2024-10-07,SKU009,65
2024-10-14,SKU009,58
2024-10-21,SKU009,52
2024-10-28,SKU009,66
2024-11-04,SKU009,71
2024-11-11,SKU009,67
2024-11-18,SKU009,60
2024-11-25,SKU009,52
2024-12-02,SKU009,55
2024-12-09,SKU009,71
2024-12-16,SKU009,76
2024-12-23,SKU009,68
2024-12-30,SKU009,66
2025-01-06,SKU009,55
2025-01-13,SKU009,70
2025-01-20,SKU009,71
2025-01-27,SKU009,69
2025-02-03,SKU009,86
2025-02-10,SKU009,74
2025-02-17,SKU009,75
2025-02-24,SKU009,91
2025-03-03,SKU009,99
2025-03-10,SKU009,92
2025-03-17,SKU009,102
2025-03-24,SKU009,82
2025-03-31,SKU009,76
2025-04-07,SKU009,79
2025-04-14,SKU009,69
2025-04-21,SKU009,100
2025-04-28,SKU009,76
2025-05-05,SKU009,92
2025-05-12,SKU009,104
2025-05-19,SKU009,88
2025-05-26,SKU009,74
2025-06-02,SKU009,88
2025-06-09,SKU009,86
2025-06-16,SKU009,81
2025-06-23,SKU009,92
2025-06-30,SKU009,83
2025-07-07,SKU009,69
2025-07-14,SKU009,73
2025-07-21,SKU009,67
2025-07-28,SKU009,69
2025-08-04,SKU009,66
2025-08-11,SKU009,61
2025-08-18,SKU009,69
2025-08-25,SKU009,62
2025-09-01,SKU009,71
2025-09-08,SKU009,87
2025-09-15,SKU009,70
2025-09-22,SKU009,69
2025-09-29,SKU009,58
2025-10-06,SKU009,51
2025-10-13,SKU009,63
2025-10-20,SKU009,52
2025-10-27,SKU009,78
2025-11-03,SKU009,55
2025-11-10,SKU009,62
2025-11-17,SKU009,63
2025-11-24,SKU009,66
2025-12-01,SKU009,77
2025-12-08,SKU009,82
2025-12-15,SKU009,69
2025-12-22,SKU009,77
2025-12-29,SKU009,21
2024-01-01,SKU010,111
2024-01-08,SKU010,108
2024-01-15,SKU010,115
2024-01-22,SKU010,115
2024-01-29,SKU010,129
2024-02-05,SKU010,136
2024-02-12,SKU010,133
2024-02-19,SKU010,146
2024-02-26,SKU010,145
2024-03-04,SKU010,154
2024-03-11,SKU010,138
2024-03-18,SKU010,141
2024-03-25,SKU010,162
2024-04-01,SKU010,124
2024-04-08,SKU010,141
2024-04-15,SKU010,121
2024-04-22,SKU010,121
2024-04-29,SKU010,144
2024-05-06,SKU010,117
2024-05-13,SKU010,145
2024-05-20,SKU010,141
2024-05-27,SKU010,158
2024-06-03,SKU010,151
2024-06-10,SKU010,141
2024-06-17,SKU010,153
2024-06-24,SKU010,129
2024-07-01,SKU010,103
2024-07-08,SKU010,113
2024-07-15,SKU010,111
2024-07-22,SKU010,119
2024-07-29,SKU010,110
2024-08-05,SKU010,103
2024-08-12,SKU010,103
2024-08-19,SKU010,99
2024-08-26,SKU010,96
2024-09-02,SKU010,92
2024-09-09,SKU010,116
2024-09-16,SKU010,115
2024-09-23,SKU010,128
2024-09-30,SKU010,122
2024-10-07,SKU010,79
2024-10-14,SKU010,74
2024-10-21,SKU010,92
2024-10-28,SKU010,109
2024-11-04,SKU010,100
2024-11-11,SKU010,113
2024-11-18,SKU010,121
2024-11-25,SKU010,93
2024-12-02,SKU010,99
2024-12-09,SKU010,106
2024-12-16,SKU010,109
2024-12-23,SKU010,109
2024-12-30,SKU010,116
2025-01-06,SKU010,118
2025-01-13,SKU010,113
2025-01-20,SKU010,118
2025-01-27,SKU010,97
2025-02-03,SKU010,124
2025-02-10,SKU010,128
2025-02-17,SKU010,128
2025-02-24,SKU010,155
2025-03-03,SKU010,160
2025-03-10,SKU010,139
2025-03-17,SKU010,139
2025-03-24,SKU010,156
2025-03-31,SKU010,149
2025-04-07,SKU010,133
2025-04-14,SKU010,137
2025-04-21,SKU010,144
2025-04-28,SKU010,134
2025-05-05,SKU010,130
2025-05-12,SKU010,131
2025-05-19,SKU010,141
2025-05-26,SKU010,145
2025-06-02,SKU010,136
2025-06-09,SKU010,141
2025-06-16,SKU010,139
2025-06-23,SKU010,123
2025-06-30,SKU010,111
2025-07-07,SKU010,120
2025-07-14,SKU010,124
2025-07-21,SKU010,105
2025-07-28,SKU010,91
2025-08-04,SKU010,95
2025-08-11,SKU010,113
2025-08-18,SKU010,100
2025-08-25,SKU010,114
2025-09-01,SKU010,104
2025-09-08,SKU010,92
2025-09-15,SKU010,114
2025-09-22,SKU010,100
2025-09-29,SKU010,79
2025-10-06,SKU010,83
2025-10-13,SKU010,96
2025-10-20,SKU010,86
2025-10-27,SKU010,120
2025-11-03,SKU010,91
2025-11-10,SKU010,105
2025-11-17,SKU010,102
2025-11-24,SKU010,104
2025-12-01,SKU010,126
2025-12-08,SKU010,108
2025-12-15,SKU010,102
2025-12-22,SKU010,102
2025-12-29,SKU010,47
2024-01-01,SKU011,14
2024-01-08,SKU011,20
2024-01-15,SKU011,14
2024-01-22,SKU011,15
2024-01-29,SKU011,21
2024-02-05,SKU011,14
2024-02-12,SKU011,20
2024-02-19,SKU011,28
2024-02-26,SKU011,23
2024-03-04,SKU011,21
2024-03-11,SKU011,24
2024-03-18,SKU011,25
2024-03-25,SKU011,16
2024-04-01,SKU011,20
2024-04-08,SKU011,22
2024-04-15,SKU011,19
2024-04-22,SKU011,31
2024-04-29,SKU011,20
2024-05-06,SKU011,30
2024-05-13,SKU011,28
2024-05-20,SKU011,17
2024-05-27,SKU011,26
2024-06-03,SKU011,24
2024-06-10,SKU011,19
2024-06-17,SKU011,16
2024-06-24,SKU011,19
2024-07-01,SKU011,19
2024-07-08,SKU011,27
2024-07-15,SKU011,12
2024-07-22,SKU011,14
2024-07-29,SKU011,12
2024-08-05,SKU011,16
2024-08-12,SKU011,17
2024-08-19,SKU011,9
2024-08-26,SKU011,17
2024-09-02,SKU011,18
2024-09-09,SKU011,22
2024-09-16,SKU011,15
2024-09-23,SKU011,18
2024-09-30,SKU011,11
2024-10-07,SKU011,16
2024-10-14,SKU011,13
2024-10-21,SKU011,9
2024-10-28,SKU011,15
2024-11-04,SKU011,11
2024-11-11,SKU011,16
2024-11-18,SKU011,25
2024-11-25,SKU011,22
2024-12-02,SKU011,25
2024-12-09,SKU011,15
2024-12-16,SKU011,20
2024-12-23,SKU011,17
2024-12-30,SKU011,17
2025-01-06,SKU011,21
2025-01-13,SKU011,19
2025-01-20,SKU011,24
2025-01-27,SKU011,13
2025-02-03,SKU011,16
2025-02-10,SKU011,16
2025-02-17,SKU011,23
2025-02-24,SKU011,18
2025-03-03,SKU011,15
2025-03-10,SKU011,22
2025-03-17,SKU011,19
2025-03-24,SKU011,18
2025-03-31,SKU011,20
2025-04-07,SKU011,26
2025-04-14,SKU011,22
2025-04-21,SKU011,24
2025-04-28,SKU011,17
2025-05-05,SKU011,17
2025-05-12,SKU011,14
2025-05-19,SKU011,16
2025-05-26,SKU011,29
2025-06-02,SKU011,20
2025-06-09,SKU011,26
2025-06-16,SKU011,18
2025-06-23,SKU011,22
2025-06-30,SKU011,25
2025-07-07,SKU011,14
2025-07-14,SKU011,21
2025-07-21,SKU011,11
2025-07-28,SKU011,18
2025-08-04,SKU011,22
2025-08-11,SKU011,14
2025-08-18,SKU011,24
2025-08-25,SKU011,11
2025-09-01,SKU011,16
2025-09-08,SKU011,16
2025-09-15,SKU011,16
2025-09-22,SKU011,11
2025-09-29,SKU011,28
2025-10-06,SKU011,16
2025-10-13,SKU011,11
2025-10-20,SKU011,18
2025-10-27,SKU011,19
2025-11-03,SKU011,19
2025-11-10,SKU011,25
2025-11-17,SKU011,9
2025-11-24,SKU011,15
2025-12-01,SKU011,17
2025-12-08,SKU011,23
2025-12-15,SKU011,18
2025-12-22,SKU011,22
2025-12-29,SKU011,3
2024-01-01,SKU012,181
2024-01-08,SKU012,176
2024-01-15,SKU012,178
2024-01-22,SKU012,185
2024-01-29,SKU012,186
2024-02-05,SKU012,206
2024-02-12,SKU012,192
2024-02-19,SKU012,190
2024-02-26,SKU012,229
2024-03-04,SKU012,205
2024-03-11,SKU012,206
2024-03-18,SKU012,210
2024-03-25,SKU012,231
2024-04-01,SKU012,223
2024-04-08,SKU012,211
2024-04-15,SKU012,216
2024-04-22,SKU012,217
2024-04-29,SKU012,209
2024-05-06,SKU012,210
2024-05-13,SKU012,188
2024-05-20,SKU012,183
2024-05-27,SKU012,204
2024-06-03,SKU012,205
2024-06-10,SKU012,230
2024-06-17,SKU012,213
2024-06-24,SKU012,202
2024-07-01,SKU012,173
2024-07-08,SKU012,174
2024-07-15,SKU012,190
2024-07-22,SKU012,198
2024-07-29,SKU012,163
2024-08-05,SKU012,163
2024-08-12,SKU012,154
2024-08-19,SKU012,169
2024-08-26,SKU012,176
2024-09-02,SKU012,151
2024-09-09,SKU012,167
2024-09-16,SKU012,163
2024-09-23,SKU012,174
2024-09-30,SKU012,144
2024-10-07,SKU012,144
2024-10-14,SKU012,144
2024-10-21,SKU012,140
2024-10-28,SKU012,183
2024-11-04,SKU012,156
2024-11-11,SKU012,179
2024-11-18,SKU012,177
2024-11-25,SKU012,170
2024-12-02,SKU012,147
2024-12-09,SKU012,184
2024-12-16,SKU012,161
2024-12-23,SKU012,161
2024-12-30,SKU012,161
2025-01-06,SKU012,180
2025-01-13,SKU012,194
2025-01-20,SKU012,191
2025-01-27,SKU012,172
2025-02-03,SKU012,195
2025-02-10,SKU012,203
2025-02-17,SKU012,214
2025-02-24,SKU012,208
2025-03-03,SKU012,224
2025-03-10,SKU012,217
2025-03-17,SKU012,217
2025-03-24,SKU012,253
2025-03-31,SKU012,218
2025-04-07,SKU012,195
2025-04-14,SKU012,198
2025-04-21,SKU012,210
2025-04-28,SKU012,202
2025-05-05,SKU012,196
2025-05-12,SKU012,206
2025-05-19,SKU012,202
2025-05-26,SKU012,200
2025-06-02,SKU012,205
2025-06-09,SKU012,204
2025-06-16,SKU012,190
2025-06-23,SKU012,173
2025-06-30,SKU012,171
2025-07-07,SKU012,189
2025-07-14,SKU012,179
2025-07-21,SKU012,155
2025-07-28,SKU012,160
2025-08-04,SKU012,163
2025-08-11,SKU012,177
2025-08-18,SKU012,178
2025-08-25,SKU012,171
2025-09-01,SKU012,180
2025-09-08,SKU012,160
2025-09-15,SKU012,171
2025-09-22,SKU012,150
2025-09-29,SKU012,136
2025-10-06,SKU012,140
2025-10-13,SKU012,128
2025-10-20,SKU012,141
2025-10-27,SKU012,151
2025-11-03,SKU012,155
2025-11-10,SKU012,163
2025-11-17,SKU012,155
2025-11-24,SKU012,161
2025-12-01,SKU012,167
2025-12-08,SKU012,155
2025-12-15,SKU012,171
2025-12-22,SKU012,150
2025-12-29,SKU012,71
2024-01-01,SKU013,101
2024-01-08,SKU013,99
2024-01-15,SKU013,105
2024-01-22,SKU013,97
2024-01-29,SKU013,98
2024-02-05,SKU013,117
2024-02-12,SKU013,111
2024-02-19,SKU013,94
2024-02-26,SKU013,130
2024-03-04,SKU013,120
2024-03-11,SKU013,137
2024-03-18,SKU013,138
2024-03-25,SKU013,108
2024-04-01,SKU013,114
2024-04-08,SKU013,110
2024-04-15,SKU013,128
2024-04-22,SKU013,102
2024-04-29,SKU013,108
2024-05-06,SKU013,120
2024-05-13,SKU013,103
2024-05-20,SKU013,113
2024-05-27,SKU013,134
2024-06-03,SKU013,112
2024-06-10,SKU013,92
2024-06-17,SKU013,107
2024-06-24,SKU013,107
2024-07-01,SKU013,94
2024-07-08,SKU013,95
2024-07-15,SKU013,86
2024-07-22,SKU013,107
2024-07-29,SKU013,104
2024-08-05,SKU013,85
2024-08-12,SKU013,71
2024-08-19,SKU013,91
2024-08-26,SKU013,86
2024-09-02,SKU013,98
2024-09-09,SKU013,101
2024-09-16,SKU013,84
2024-09-23,SKU013,99
2024-09-30,SKU013,68
2024-10-07,SKU013,75
2024-10-14,SKU013,80
2024-10-21,SKU013,64
2024-10-28,SKU013,93
2024-11-04,SKU013,72
2024-11-11,SKU013,96
2024-11-18,SKU013,101
2024-11-25,SKU013,81
2024-12-02,SKU013,95
2024-12-09,SKU013,94
2024-12-16,SKU013,84
2024-12-23,SKU013,83
2024-12-30,SKU013,82
2025-01-06,SKU013,93
2025-01-13,SKU013,98
2025-01-20,SKU013,87
2025-01-27,SKU013,91
2025-02-03,SKU013,97
2025-02-10,SKU013,97
2025-02-17,SKU013,100
2025-02-24,SKU013,105
2025-03-03,SKU013,110
2025-03-10,SKU013,110
2025-03-17,SKU013,115
2025-03-24,SKU013,127
2025-03-31,SKU013,111
2025-04-07,SKU013,105
2025-04-14,SKU013,114
2025-04-21,SKU013,110
2025-04-28,SKU013,109
2025-05-05,SKU013,139
2025-05-12,SKU013,106
2025-05-19,SKU013,90
2025-05-26,SKU013,117
2025-06-02,SKU013,99
2025-06-09,SKU013,115
2025-06-16,SKU013,118
2025-06-23,SKU013,128
2025-06-30,SKU013,101
2025-07-07,SKU013,109
2025-07-14,SKU013,87
2025-07-21,SKU013,87
2025-07-28,SKU013,85
2025-08-04,SKU013,82
2025-08-11,SKU013,106
2025-08-18,SKU013,96
2025-08-25,SKU013,84
2025-09-01,SKU013,99
2025-09-08,SKU013,105
2025-09-15,SKU013,82
2025-09-22,SKU013,82
2025-09-29,SKU013,96
2025-10-06,SKU013,87
2025-10-13,SKU013,61
2025-10-20,SKU013,69
2025-10-27,SKU013,79
2025-11-03,SKU013,84
2025-11-10,SKU013,89
2025-11-17,SKU013,80
2025-11-24,SKU013,95
2025-12-01,SKU013,78
2025-12-08,SKU013,107
2025-12-15,SKU013,96
2025-12-22,SKU013,71
2025-12-29,SKU013,27
2024-01-01,SKU014,155
2024-01-08,SKU014,152
2024-01-15,SKU014,145
2024-01-22,SKU014,132
2024-01-29,SKU014,138
2024-02-05,SKU014,165
2024-02-12,SKU014,169
2024-02-19,SKU014,147
2024-02-26,SKU014,188
2024-03-04,SKU014,185
2024-03-11,SKU014,194
2024-03-18,SKU014,193
2024-03-25,SKU014,193
2024-04-01,SKU014,174
2024-04-08,SKU014,186
2024-04-15,SKU014,198
2024-04-22,SKU014,151
2024-04-29,SKU014,170
2024-05-06,SKU014,163
2024-05-13,SKU014,146
2024-05-20,SKU014,168
2024-05-27,SKU014,199
2024-06-03,SKU014,174
2024-06-10,SKU014,175
2024-06-17,SKU014,176
2024-06-24,SKU014,184
2024-07-01,SKU014,137
2024-07-08,SKU014,158
2024-07-15,SKU014,151
2024-07-22,SKU014,154
2024-07-29,SKU014,132
2024-08-05,SKU014,144
2024-08-12,SKU014,123
2024-08-19,SKU014,129
2024-08-26,SKU014,135
2024-09-02,SKU014,146
2024-09-09,SKU014,145
2024-09-16,SKU014,137
2024-09-23,SKU014,151
2024-09-30,SKU014,97
2024-10-07,SKU014,126
2024-10-14,SKU014,123
2024-10-21,SKU014,128
2024-10-28,SKU014,132
2024-11-04,SKU014,130
2024-11-11,SKU014,124
2024-11-18,SKU014,152
2024-11-25,SKU014,142
2024-12-02,SKU014,128
2024-12-09,SKU014,135
2024-12-16,SKU014,141
2024-12-23,SKU014,135
2024-12-30,SKU014,131
2025-01-06,SKU014,131
2025-01-13,SKU014,144
2025-01-20,SKU014,181
2025-01-27,SKU014,126
2025-02-03,SKU014,167
2025-02-10,SKU014,188
2025-02-17,SKU014,155
2025-02-24,SKU014,180
2025-03-03,SKU014,182
2025-03-10,SKU014,207
2025-03-17,SKU014,187
2025-03-24,SKU014,173
2025-03-31,SKU014,163
2025-04-07,SKU014,182
2025-04-14,SKU014,176
2025-04-21,SKU014,177
2025-04-28,SKU014,156
2025-05-05,SKU014,156
2025-05-12,SKU014,151
2025-05-19,SKU014,164
2025-05-26,SKU014,164
2025-06-02,SKU014,202
2025-06-09,SKU014,163
2025-06-16,SKU014,159
2025-06-23,SKU014,191
2025-06-30,SKU014,134
2025-07-07,SKU014,126
2025-07-14,SKU014,139
2025-07-21,SKU014,148
2025-07-28,SKU014,141
2025-08-04,SKU014,121
2025-08-11,SKU014,123
2025-08-18,SKU014,131
2025-08-25,SKU014,157
2025-09-01,SKU014,127
2025-09-08,SKU014,151
2025-09-15,SKU014,140
2025-09-22,SKU014,132
2025-09-29,SKU014,123
2025-10-06,SKU014,122
2025-10-13,SKU014,120
2025-10-20,SKU014,133
2025-10-27,SKU014,127
2025-11-03,SKU014,117
2025-11-10,SKU014,130
2025-11-17,SKU014,130
2025-11-24,SKU014,151
2025-12-01,SKU014,124
2025-12-08,SKU014,137
2025-12-15,SKU014,116
2025-12-22,SKU014,122
2025-12-29,SKU014,51
2024-01-01,SKU015,35
2024-01-08,SKU015,27
2024-01-15,SKU015,30
2024-01-22,SKU015,27
2024-01-29,SKU015,35
2024-02-05,SKU015,46
2024-02-12,SKU015,29
2024-02-19,SKU015,35
2024-02-26,SKU015,26
2024-03-04,SKU015,43
2024-03-11,SKU015,42
2024-03-18,SKU015,41
2024-03-25,SKU015,34
2024-04-01,SKU015,29
2024-04-08,SKU015,37
2024-04-15,SKU015,26
2024-04-22,SKU015,35
2024-04-29,SKU015,30
2024-05-06,SKU015,26
2024-05-13,SKU015,31
2024-05-20,SKU015,36
2024-05-27,SKU015,32
2024-06-03,SKU015,41
2024-06-10,SKU015,36
2024-06-17,SKU015,29
2024-06-24,SKU015,29
2024-07-01,SKU015,27
2024-07-08,SKU015,30
2024-07-15,SKU015,31
2024-07-22,SKU015,26
2024-07-29,SKU015,24
2024-08-05,SKU015,22
2024-08-12,SKU015,24
2024-08-19,SKU015,25
2024-08-26,SKU015,28
2024-09-02,SKU015,25
2024-09-09,SKU015,26
2024-09-16,SKU015,21
2024-09-23,SKU015,20
2024-09-30,SKU015,34
2024-10-07,SKU015,29
2024-10-14,SKU015,22
2024-10-21,SKU015,24
2024-10-28,SKU015,25
2024-11-04,SKU015,25
2024-11-11,SKU015,19
2024-11-18,SKU015,34
2024-11-25,SKU015,22
2024-12-02,SKU015,29
2024-12-09,SKU015,21
2024-12-16,SKU015,26
2024-12-23,SKU015,32
2024-12-30,SKU015,31
2025-01-06,SKU015,25
2025-01-13,SKU015,27
2025-01-20,SKU015,32
2025-01-27,SKU015,29
2025-02-03,SKU015,31
2025-02-10,SKU015,37
2025-02-17,SKU015,30
2025-02-24,SKU015,36
2025-03-03,SKU015,37
2025-03-10,SKU015,38
2025-03-17,SKU015,22
2025-03-24,SKU015,30
2025-03-31,SKU015,40
2025-04-07,SKU015,38
2025-04-14,SKU015,36
2025-04-21,SKU015,33
2025-04-28,SKU015,31
2025-05-05,SKU015,40
2025-05-12,SKU015,33
2025-05-19,SKU015,27
2025-05-26,SKU015,36
2025-06-02,SKU015,30
2025-06-09,SKU015,23
2025-06-16,SKU015,32
2025-06-23,SKU015,25
2025-06-30,SKU015,22
2025-07-07,SKU015,23
2025-07-14,SKU015,29
2025-07-21,SKU015,27
2025-07-28,SKU015,25
2025-08-04,SKU015,23
2025-08-11,SKU015,27
2025-08-18,SKU015,26
2025-08-25,SKU015,28
2025-09-01,SKU015,28
2025-09-08,SKU015,24
2025-09-15,SKU015,23
2025-09-22,SKU015,28
2025-09-29,SKU015,19
2025-10-06,SKU015,16
2025-10-13,SKU015,21
2025-10-20,SKU015,21
2025-10-27,SKU015,17
2025-11-03,SKU015,13
2025-11-10,SKU015,24
2025-11-17,SKU015,24
2025-11-24,SKU015,31
2025-12-01,SKU015,22
2025-12-08,SKU015,31
2025-12-15,SKU015,21
2025-12-22,SKU015,27
2025-12-29,SKU015,7
2024-01-01,SKU016,81
2024-01-08,SKU016,104
2024-01-15,SKU016,88
2024-01-22,SKU016,103
2024-01-29,SKU016,96
2024-02-05,SKU016,96
2024-02-12,SKU016,101
2024-02-19,SKU016,97
2024-02-26,SKU016,115
2024-03-04,SKU016,110
2024-03-11,SKU016,133
2024-03-18,SKU016,122
2024-03-25,SKU016,98
2024-04-01,SKU016,109
2024-04-08,SKU016,98
2024-04-15,SKU016,125
2024-04-22,SKU016,116
2024-04-29,SKU016,93
2024-05-06,SKU016,95
2024-05-13,SKU016,129
2024-05-20,SKU016,122
2024-05-27,SKU016,108
2024-06-03,SKU016,110
2024-06-10,SKU016,107
2024-06-17,SKU016,106
2024-06-24,SKU016,108
2024-07-01,SKU016,93
2024-07-08,SKU016,99
2024-07-15,SKU016,78
2024-07-22,SKU016,92
2024-07-29,SKU016,90
2024-08-05,SKU016,82
2024-08-12,SKU016,96
2024-08-19,SKU016,78
2024-08-26,SKU016,98
2024-09-02,SKU016,94
2024-09-09,SKU016,77
2024-09-16,SKU016,90
2024-09-23,SKU016,89
2024-09-30,SKU016,71
2024-10-07,SKU016,85
2024-10-14,SKU016,84
2024-10-21,SKU016,82
2024-10-28,SKU016,98
2024-11-04,SKU016,84
2024-11-11,SKU016,104
2024-11-18,SKU016,94
2024-11-25,SKU016,97
2024-12-02,SKU016,83
2024-12-09,SKU016,71
2024-12-16,SKU016,82
2024-12-23,SKU016,75
2024-12-30,SKU016,92
2025-01-06,SKU016,97
2025-01-13,SKU016,76
2025-01-20,SKU016,100
2025-01-27,SKU016,95
2025-02-03,SKU016,112
2025-02-10,SKU016,93
2025-02-17,SKU016,97
2025-02-24,SKU016,135
2025-03-03,SKU016,103
2025-03-10,SKU016,115
2025-03-17,SKU016,113
2025-03-24,SKU016,146
2025-03-31,SKU016,116
2025-04-07,SKU016,124
2025-04-14,SKU016,98
2025-04-21,SKU016,102
2025-04-28,SKU016,111
2025-05-05,SKU016,114
2025-05-12,SKU016,126
2025-05-19,SKU016,107
2025-05-26,SKU016,116
2025-06-02,SKU016,111
2025-06-09,SKU016,112
2025-06-16,SKU016,112
2025-06-23,SKU016,116
2025-06-30,SKU016,101
2025-07-07,SKU016,103
2025-07-14,SKU016,104
2025-07-21,SKU016,97
2025-07-28,SKU016,85
2025-08-04,SKU016,93
2025-08-11,SKU016,85
2025-08-18,SKU016,90
2025-08-25,SKU016,85
2025-09-01,SKU016,66
2025-09-08,SKU016,78
2025-09-15,SKU016,76
2025-09-22,SKU016,78
2025-09-29,SKU016,72
2025-10-06,SKU016,84
2025-10-13,SKU016,86
2025-10-20,SKU016,73
2025-10-27,SKU016,109
2025-11-03,SKU016,92
2025-11-10,SKU016,95
2025-11-17,SKU016,75
2025-11-24,SKU016,71
2025-12-01,SKU016,77
2025-12-08,SKU016,78
2025-12-15,SKU016,74
2025-12-22,SKU016,104
2025-12-29,SKU016,37
2024-01-01,SKU017,84
2024-01-08,SKU017,84
2024-01-15,SKU017,88
2024-01-22,SKU017,94
2024-01-29,SKU017,89
2024-02-05,SKU017,96
2024-02-12,SKU017,99
2024-02-19,SKU017,80
2024-02-26,SKU017,121
2024-03-04,SKU017,130
2024-03-11,SKU017,115
2024-03-18,SKU017,109
2024-03-25,SKU017,114
2024-04-01,SKU017,125
2024-04-08,SKU017,130
2024-04-15,SKU017,108
2024-04-22,SKU017,126
2024-04-29,SKU017,129
2024-05-06,SKU017,109
2024-05-13,SKU017,109
2024-05-20,SKU017,122
2024-05-27,SKU017,118
2024-06-03,SKU017,121
2024-06-10,SKU017,110
2024-06-17,SKU017,102
2024-06-24,SKU017,125
2024-07-01,SKU017,112
2024-07-08,SKU017,109
2024-07-15,SKU017,106
2024-07-22,SKU017,104
2024-07-29,SKU017,98
2024-08-05,SKU017,100
2024-08-12,SKU017,94
2024-08-19,SKU017,95
2024-08-26,SKU017,85
2024-09-02,SKU017,98
2024-09-09,SKU017,88
2024-09-16,SKU017,88
2024-09-23,SKU017,101
2024-09-30,SKU017,60
2024-10-07,SKU017,67
2024-10-14,SKU017,100
2024-10-21,SKU017,82
2024-10-28,SKU017,90
2024-11-04,SKU017,95
2024-11-11,SKU017,86
2024-11-18,SKU017,97
2024-11-25,SKU017,82
2024-12-02,SKU017,81
2024-12-09,SKU017,88
2024-12-16,SKU017,80
2024-12-23,SKU017,94
2024-12-30,SKU017,85
2025-01-06,SKU017,97
2025-01-13,SKU017,106
2025-01-20,SKU017,89
2025-01-27,SKU017,89
2025-02-03,SKU017,112
2025-02-10,SKU017,97
2025-02-17,SKU017,107
2025-02-24,SKU017,127
2025-03-03,SKU017,104
2025-03-10,SKU017,129
2025-03-17,SKU017,124
2025-03-24,SKU017,135
2025-03-31,SKU017,114
2025-04-07,SKU017,115
2025-04-14,SKU017,115
2025-04-21,SKU017,138
2025-04-28,SKU017,95
2025-05-05,SKU017,102
2025-05-12,SKU017,109
2025-05-19,SKU017,114
2025-05-26,SKU017,109
2025-06-02,SKU017,111
2025-06-09,SKU017,113
2025-06-16,SKU017,114
2025-06-23,SKU017,133
2025-06-30,SKU017,105
2025-07-07,SKU017,97
2025-07-14,SKU017,98
2025-07-21,SKU017,83
2025-07-28,SKU017,82
2025-08-04,SKU017,76
2025-08-11,SKU017,85
2025-08-18,SKU017,85
2025-08-25,SKU017,78
2025-09-01,SKU017,71
2025-09-08,SKU017,77
2025-09-15,SKU017,83
2025-09-22,SKU017,90
2025-09-29,SKU017,75
2025-10-06,SKU017,76
2025-10-13,SKU017,84
2025-10-20,SKU017,61
2025-10-27,SKU017,83
2025-11-03,SKU017,103
2025-11-10,SKU017,88
2025-11-17,SKU017,87
2025-11-24,SKU017,90
2025-12-01,SKU017,105
2025-12-08,SKU017,96
2025-12-15,SKU017,81
2025-12-22,SKU017,98
2025-12-29,SKU017,37
2024-01-01,SKU018,176
2024-01-08,SKU018,175
2024-01-15,SKU018,153
2024-01-22,SKU018,188
2024-01-29,SKU018,162
2024-02-05,SKU018,171
2024-02-12,SKU018,178
2024-02-19,SKU018,205
2024-02-26,SKU018,195
2024-03-04,SKU018,206
2024-03-11,SKU018,223
2024-03-18,SKU018,227
2024-03-25,SKU018,221
2024-04-01,SKU018,197
2024-04-08,SKU018,190
2024-04-15,SKU018,209
2024-04-22,SKU018,209
2024-04-29,SKU018,204
2024-05-06,SKU018,220
2024-05-13,SKU018,203
2024-05-20,SKU018,185
2024-05-27,SKU018,199
2024-06-03,SKU018,194
2024-06-10,SKU018,191
2024-06-17,SKU018,198
2024-06-24,SKU018,197
2024-07-01,SKU018,163
2024-07-08,SKU018,181
2024-07-15,SKU018,169
2024-07-22,SKU018,158
2024-07-29,SKU018,172
2024-08-05,SKU018,164
2024-08-12,SKU018,167
2024-08-19,SKU018,169
2024-08-26,SKU018,171
2024-09-02,SKU018,158
2024-09-09,SKU018,158
2024-09-16,SKU018,163
2024-09-23,SKU018,169
2024-09-30,SKU018,134
2024-10-07,SKU018,153
2024-10-14,SKU018,140
2024-10-21,SKU018,159
2024-10-28,SKU018,170
2024-11-04,SKU018,162
2024-11-11,SKU018,150
2024-11-18,SKU018,153
2024-11-25,SKU018,143
2024-12-02,SKU018,182
2024-12-09,SKU018,150
2024-12-16,SKU018,172
2024-12-23,SKU018,154
2024-12-30,SKU018,181
2025-01-06,SKU018,172
2025-01-13,SKU018,164
2025-01-20,SKU018,163
2025-01-27,SKU018,178
2025-02-03,SKU018,175
2025-02-10,SKU018,186
2025-02-17,SKU018,194
2025-02-24,SKU018,211
2025-03-03,SKU018,206
2025-03-10,SKU018,214
2025-03-17,SKU018,219
2025-03-24,SKU018,196
2025-03-31,SKU018,207
2025-04-07,SKU018,197
2025-04-14,SKU018,212
2025-04-21,SKU018,210
2025-04-28,SKU018,220
2025-05-05,SKU018,220
2025-05-12,SKU018,207
2025-05-19,SKU018,201
2025-05-26,SKU018,192
2025-06-02,SKU018,203
2025-06-09,SKU018,201
2025-06-16,SKU018,212
2025-06-23,SKU018,194
2025-06-30,SKU018,164
2025-07-07,SKU018,156
2025-07-14,SKU018,167
2025-07-21,SKU018,159
2025-07-28,SKU018,179
2025-08-04,SKU018,139
2025-08-11,SKU018,146
2025-08-18,SKU018,151
2025-08-25,SKU018,161
2025-09-01,SKU018,150
2025-09-08,SKU018,155
2025-09-15,SKU018,148
2025-09-22,SKU018,146
2025-09-29,SKU018,138
2025-10-06,SKU018,154
2025-10-13,SKU018,141
2025-10-20,SKU018,135
2025-10-27,SKU018,166
2025-11-03,SKU018,157
2025-11-10,SKU018,142
2025-11-17,SKU018,150
2025-11-24,SKU018,152
2025-12-01,SKU018,158
2025-12-08,SKU018,162
2025-12-15,SKU018,160
2025-12-22,SKU018,161
2025-12-29,SKU018,58
2024-01-01,SKU019,101
2024-01-08,SKU019,115
2024-01-15,SKU019,103
2024-01-22,SKU019,107
2024-01-29,SKU019,136
2024-02-05,SKU019,119
2024-02-12,SKU019,117
2024-02-19,SKU019,117
2024-02-26,SKU019,132
2024-03-04,SKU019,132
2024-03-11,SKU019,137
2024-03-18,SKU019,136
2024-03-25,SKU019,135
2024-04-01,SKU019,151
2024-04-08,SKU019,135
2024-04-15,SKU019,132
2024-04-22,SKU019,139
2024-04-29,SKU019,134
2024-05-06,SKU019,141
2024-05-13,SKU019,151
2024-05-20,SKU019,131
2024-05-27,SKU019,147
2024-06-03,SKU019,122
2024-06-10,SKU019,137
2024-06-17,SKU019,110
2024-06-24,SKU019,117
2024-07-01,SKU019,113
2024-07-08,SKU019,115
2024-07-15,SKU019,101
2024-07-22,SKU019,108
2024-07-29,SKU019,115
2024-08-05,SKU019,89
2024-08-12,SKU019,93
2024-08-19,SKU019,104
2024-08-26,SKU019,102
2024-09-02,SKU019,104
2024-09-09,SKU019,108
2024-09-16,SKU019,80
2024-09-23,SKU019,97
2024-09-30,SKU019,81
2024-10-07,SKU019,93
2024-10-14,SKU019,85
2024-10-21,SKU019,86
2024-10-28,SKU019,98
2024-11-04,SKU019,95
2024-11-11,SKU019,112
2024-11-18,SKU019,113
2024-11-25,SKU019,110
2024-12-02,SKU019,120
2024-12-09,SKU019,97
2024-12-16,SKU019,106
2024-12-23,SKU019,86
2024-12-30,SKU019,100
2025-01-06,SKU019,114
2025-01-13,SKU019,113
2025-01-20,SKU019,115
2025-01-27,SKU019,109
2025-02-03,SKU019,95
2025-02-10,SKU019,111
2025-02-17,SKU019,132
2025-02-24,SKU019,140
2025-03-03,SKU019,143
2025-03-10,SKU019,135
2025-03-17,SKU019,127
2025-03-24,SKU019,130
2025-03-31,SKU019,132
2025-04-07,SKU019,144
2025-04-14,SKU019,135
2025-04-21,SKU019,117
2025-04-28,SKU019,127
2025-05-05,SKU019,122
2025-05-12,SKU019,112
2025-05-19,SKU019,131
2025-05-26,SKU019,130
2025-06-02,SKU019,148
2025-06-09,SKU019,115
2025-06-16,SKU019,136
2025-06-23,SKU019,129
2025-06-30,SKU019,94
2025-07-07,SKU019,100
2025-07-14,SKU019,111
2025-07-21,SKU019,90
2025-07-28,SKU019,116
2025-08-04,SKU019,104
2025-08-11,SKU019,106
2025-08-18,SKU019,109
2025-08-25,SKU019,93
2025-09-01,SKU019,103
2025-09-08,SKU019,76
2025-09-15,SKU019,100
2025-09-22,SKU019,105
2025-09-29,SKU019,83
2025-10-06,SKU019,92
2025-10-13,SKU019,96
2025-10-20,SKU019,84
2025-10-27,SKU019,91
2025-11-03,SKU019,103
2025-11-10,SKU019,112
2025-11-17,SKU019,110
2025-11-24,SKU019,88
2025-12-01,SKU019,103
2025-12-08,SKU019,96
2025-12-15,SKU019,107
2025-12-22,SKU019,104
2025-12-29,SKU019,40
2024-01-01,SKU020,92
2024-01-08,SKU020,102
2024-01-15,SKU020,100
2024-01-22,SKU020,92
2024-01-29,SKU020,94
2024-02-05,SKU020,118
2024-02-12,SKU020,114
2024-02-19,SKU020,108
2024-02-26,SKU020,117
2024-03-04,SKU020,120
2024-03-11,SKU020,123
2024-03-18,SKU020,119
2024-03-25,SKU020,104
2024-04-01,SKU020,97
2024-04-08,SKU020,105
2024-04-15,SKU020,122
2024-04-22,SKU020,97
2024-04-29,SKU020,90
2024-05-06,SKU020,100
2024-05-13,SKU020,110
2024-05-20,SKU020,120
2024-05-27,SKU020,117
2024-06-03,SKU020,104
2024-06-10,SKU020,127
2024-06-17,SKU020,122
2024-06-24,SKU020,113
2024-07-01,SKU020,94
2024-07-08,SKU020,96
2024-07-15,SKU020,112
2024-07-22,SKU020,97
2024-07-29,SKU020,102
2024-08-05,SKU020,88
2024-08-12,SKU020,96
2024-08-19,SKU020,95
2024-08-26,SKU020,102
2024-09-02,SKU020,84
2024-09-09,SKU020,69
2024-09-16,SKU020,83
2024-09-23,SKU020,80
2024-09-30,SKU020,77
2024-10-07,SKU020,83
2024-10-14,SKU020,92
2024-10-21,SKU020,83
2024-10-28,SKU020,71
2024-11-04,SKU020,81
2024-11-11,SKU020,87
2024-11-18,SKU020,69
2024-11-25,SKU020,84
2024-12-02,SKU020,88
2024-12-09,SKU020,80
2024-12-16,SKU020,81
2024-12-23,SKU020,87
2024-12-30,SKU020,93
2025-01-06,SKU020,83
2025-01-13,SKU020,95
2025-01-20,SKU020,100
2025-01-27,SKU020,79
2025-02-03,SKU020,93
2025-02-10,SKU020,105
2025-02-17,SKU020,97
2025-02-24,SKU020,95
2025-03-03,SKU020,119
2025-03-10,SKU020,105
2025-03-17,SKU020,101
2025-03-24,SKU020,111
2025-03-31,SKU020,132
2025-04-07,SKU020,107
2025-04-14,SKU020,117
2025-04-21,SKU020,111
2025-04-28,SKU020,107
2025-05-05,SKU020,115
2025-05-12,SKU020,110
2025-05-19,SKU020,105
2025-05-26,SKU020,112
2025-06-02,SKU020,111
2025-06-09,SKU020,89
2025-06-16,SKU020,116
2025-06-23,SKU020,104
2025-06-30,SKU020,104
2025-07-07,SKU020,89
2025-07-14,SKU020,97
2025-07-21,SKU020,96
2025-07-28,SKU020,69
2025-08-04,SKU020,94
2025-08-11,SKU020,87
2025-08-18,SKU020,99
2025-08-25,SKU020,74
2025-09-01,SKU020,97
2025-09-08,SKU020,91
2025-09-15,SKU020,79
2025-09-22,SKU020,86
2025-09-29,SKU020,75
2025-10-06,SKU020,107
2025-10-13,SKU020,74
2025-10-20,SKU020,88
2025-10-27,SKU020,101
2025-11-03,SKU020,78
2025-11-10,SKU020,92
2025-11-17,SKU020,81
2025-11-24,SKU020,97
2025-12-01,SKU020,85
2025-12-08,SKU020,82
2025-12-15,SKU020,74
2025-12-22,SKU020,99
2025-12-29,SKU020,43
2024-01-01,SKU021,50
2024-01-08,SKU021,65
2024-01-15,SKU021,51
2024-01-22,SKU021,50
2024-01-29,SKU021,71
2024-02-05,SKU021,54
2024-02-12,SKU021,67
2024-02-19,SKU021,71
2024-02-26,SKU021,68
2024-03-04,SKU021,79
2024-03-11,SKU021,77
2024-03-18,SKU021,59
2024-03-25,SKU021,65
2024-04-01,SKU021,54
2024-04-08,SKU021,62
2024-04-15,SKU021,80
2024-04-22,SKU021,74
2024-04-29,SKU021,79
2024-05-06,SKU021,67
2024-05-13,SKU021,70
2024-05-20,SKU021,61
2024-05-27,SKU021,73
2024-06-03,SKU021,59
2024-06-10,SKU021,76
2024-06-17,SKU021,56
2024-06-24,SKU021,56
2024-07-01,SKU021,60
2024-07-08,SKU021,53
2024-07-15,SKU021,63
2024-07-22,SKU021,55
2024-07-29,SKU021,55
2024-08-05,SKU021,52
2024-08-12,SKU021,68
2024-08-19,SKU021,59
2024-08-26,SKU021,53
2024-09-02,SKU021,52
2024-09-09,SKU021,55
2024-09-16,SKU021,48
2024-09-23,SKU021,61
2024-09-30,SKU021,50
2024-10-07,SKU021,39
2024-10-14,SKU021,43
2024-10-21,SKU021,55
2024-10-28,SKU021,58
2024-11-04,SKU021,58
2024-11-11,SKU021,63
2024-11-18,SKU021,54
2024-11-25,SKU021,37
2024-12-02,SKU021,55
2024-12-09,SKU021,63
2024-12-16,SKU021,50
2024-12-23,SKU021,54
2024-12-30,SKU021,48
2025-01-06,SKU021,63
2025-01-13,SKU021,60
2025-01-20,SKU021,57
2025-01-27,SKU021,73
2025-02-03,SKU021,63
2025-02-10,SKU021,73
2025-02-17,SKU021,63
2025-02-24,SKU021,78
2025-03-03,SKU021,59
2025-03-10,SKU021,64
2025-03-17,SKU021,75
2025-03-24,SKU021,76
2025-03-31,SKU021,68
2025-04-07,SKU021,50
2025-04-14,SKU021,66
2025-04-21,SKU021,61
2025-04-28,SKU021,66
2025-05-05,SKU021,79
2025-05-12,SKU021,72
2025-05-19,SKU021,70
2025-05-26,SKU021,71
2025-06-02,SKU021,77
2025-06-09,SKU021,79
2025-06-16,SKU021,67
2025-06-23,SKU021,69
2025-06-30,SKU021,57
2025-07-07,SKU021,68
2025-07-14,SKU021,58
2025-07-21,SKU021,62
2025-07-28,SKU021,54
2025-08-04,SKU021,60
2025-08-11,SKU021,54
2025-08-18,SKU021,60
2025-08-25,SKU021,43
2025-09-01,SKU021,47
2025-09-08,SKU021,55
2025-09-15,SKU021,55
2025-09-22,SKU021,53
2025-09-29,SKU021,35
2025-10-06,SKU021,48
2025-10-13,SKU021,65
2025-10-20,SKU021,44
2025-10-27,SKU021,58
2025-11-03,SKU021,46
2025-11-10,SKU021,45
2025-11-17,SKU021,43
2025-11-24,SKU021,47
2025-12-01,SKU021,52
2025-12-08,SKU021,59
2025-12-15,SKU021,47
2025-12-22,SKU021,50
2025-12-29,SKU021,19
2024-01-01,SKU022,64
2024-01-08,SKU022,72
2024-01-15,SKU022,74
2024-01-22,SKU022,74
2024-01-29,SKU022,57
2024-02-05,SKU022,87
2024-02-12,SKU022,80
2024-02-19,SKU022,69
2024-02-26,SKU022,96
2024-03-04,SKU022,73
2024-03-11,SKU022,97
2024-03-18,SKU022,75
2024-03-25,SKU022,93
2024-04-01,SKU022,82
2024-04-08,SKU022,100
2024-04-15,SKU022,73
2024-04-22,SKU022,96
2024-04-29,SKU022,87
2024-05-06,SKU022,83
2024-05-13,SKU022,84
2024-05-20,SKU022,82
2024-05-27,SKU022,78
2024-06-03,SKU022,63
2024-06-10,SKU022,91
2024-06-17,SKU022,94
2024-06-24,SKU022,76
2024-07-01,SKU022,58
2024-07-08,SKU022,74
2024-07-15,SKU022,68
2024-07-22,SKU022,70
2024-07-29,SKU022,59
2024-08-05,SKU022,64
2024-08-12,SKU022,56
2024-08-19,SKU022,68
2024-08-26,SKU022,66
2024-09-02,SKU022,64
2024-09-09,SKU022,59
2024-09-16,SKU022,66
2024-09-23,SKU022,72
2024-09-30,SKU022,53
2024-10-07,SKU022,55
2024-10-14,SKU022,52
2024-10-21,SKU022,47
2024-10-28,SKU022,56
2024-11-04,SKU022,54
2024-11-11,SKU022,69
2024-11-18,SKU022,64
2024-11-25,SKU022,61
2024-12-02,SKU022,62
2024-12-09,SKU022,70
2024-12-16,SKU022,46
2024-12-23,SKU022,59
2024-12-30,SKU022,77
2025-01-06,SKU022,77
2025-01-13,SKU022,69
2025-01-20,SKU022,79
2025-01-27,SKU022,75
2025-02-03,SKU022,75
2025-02-10,SKU022,86
2025-02-17,SKU022,88
2025-02-24,SKU022,76
2025-03-03,SKU022,78
2025-03-10,SKU022,82
2025-03-17,SKU022,84
2025-03-24,SKU022,87
2025-03-31,SKU022,61
2025-04-07,SKU022,67
2025-04-14,SKU022,77
2025-04-21,SKU022,81
2025-04-28,SKU022,85
2025-05-05,SKU022,69
2025-05-12,SKU022,80
2025-05-19,SKU022,93
2025-05-26,SKU022,90
2025-06-02,SKU022,89
2025-06-09,SKU022,90
2025-06-16,SKU022,86
2025-06-23,SKU022,83
2025-06-30,SKU022,70
2025-07-07,SKU022,58
2025-07-14,SKU022,82
2025-07-21,SKU022,64
2025-07-28,SKU022,70
2025-08-04,SKU022,64
2025-08-11,SKU022,64
2025-08-18,SKU022,69
2025-08-25,SKU022,49
2025-09-01,SKU022,55
2025-09-08,SKU022,67
2025-09-15,SKU022,60
2025-09-22,SKU022,61
2025-09-29,SKU022,50
2025-10-06,SKU022,54
2025-10-13,SKU022,58
2025-10-20,SKU022,51
2025-10-27,SKU022,62
2025-11-03,SKU022,44
2025-11-10,SKU022,78
2025-11-17,SKU022,53
2025-11-24,SKU022,69
2025-12-01,SKU022,70
2025-12-08,SKU022,60
2025-12-15,SKU022,62
2025-12-22,SKU022,84
2025-12-29,SKU022,17
2024-01-01,SKU023,100
2024-01-08,SKU023,83
2024-01-15,SKU023,97
2024-01-22,SKU023,100
2024-01-29,SKU023,126
2024-02-05,SKU023,126
2024-02-12,SKU023,109
2024-02-19,SKU023,99
2024-02-26,SKU023,114
2024-03-04,SKU023,136
2024-03-11,SKU023,137
2024-03-18,SKU023,99
2024-03-25,SKU023,117
2024-04-01,SKU023,122
2024-04-08,SKU023,132
2024-04-15,SKU023,118
2024-04-22,SKU023,102
2024-04-29,SKU023,102
2024-05-06,SKU023,120
2024-05-13,SKU023,129
2024-05-20,SKU023,101
2024-05-27,SKU023,123
2024-06-03,SKU023,116
2024-06-10,SKU023,114
2024-06-17,SKU023,124
2024-06-24,SKU023,118
2024-07-01,SKU023,109
2024-07-08,SKU023,88
2024-07-15,SKU023,102
2024-07-22,SKU023,109
2024-07-29,SKU023,105
2024-08-05,SKU023,105
2024-08-12,SKU023,82
2024-08-19,SKU023,99
2024-08-26,SKU023,85
2024-09-02,SKU023,88
2024-09-09,SKU023,87
2024-09-16,SKU023,85
2024-09-23,SKU023,89
2024-09-30,SKU023,76
2024-10-07,SKU023,67
2024-10-14,SKU023,74
2024-10-21,SKU023,84
2024-10-28,SKU023,86
2024-11-04,SKU023,85
2024-11-11,SKU023,94
2024-11-18,SKU023,98
2024-11-25,SKU023,111
2024-12-02,SKU023,104
2024-12-09,SKU023,80
2024-12-16,SKU023,90
2024-12-23,SKU023,99
2024-12-30,SKU023,117
2025-01-06,SKU023,114
2025-01-13,SKU023,92
2025-01-20,SKU023,83
2025-01-27,SKU023,106
2025-02-03,SKU023,98
2025-02-10,SKU023,113
2025-02-17,SKU023,115
2025-02-24,SKU023,119
2025-03-03,SKU023,125
2025-03-10,SKU023,131
2025-03-17,SKU023,127
2025-03-24,SKU023,141
2025-03-31,SKU023,121
2025-04-07,SKU023,127
2025-04-14,SKU023,120
2025-04-21,SKU023,128
2025-04-28,SKU023,107
2025-05-05,SKU023,133
2025-05-12,SKU023,111
2025-05-19,SKU023,118
2025-05-26,SKU023,112
2025-06-02,SKU023,122
2025-06-09,SKU023,117
2025-06-16,SKU023,133
2025-06-23,SKU023,130
2025-06-30,SKU023,105
2025-07-07,SKU023,100
2025-07-14,SKU023,91
2025-07-21,SKU023,107
2025-07-28,SKU023,102
2025-08-04,SKU023,107
2025-08-11,SKU023,102
2025-08-18,SKU023,95
2025-08-25,SKU023,82
2025-09-01,SKU023,76
2025-09-08,SKU023,53
2025-09-15,SKU023,111
2025-09-22,SKU023,90
2025-09-29,SKU023,89
2025-10-06,SKU023,80
2025-10-13,SKU023,74
2025-10-20,SKU023,91
2025-10-27,SKU023,84
2025-11-03,SKU023,91
2025-11-10,SKU023,88
2025-11-17,SKU023,88
2025-11-24,SKU023,90
2025-12-01,SKU023,97
2025-12-08,SKU023,98
2025-12-15,SKU023,96
2025-12-22,SKU023,99
2025-12-29,SKU023,39
2024-01-01,SKU024,93
2024-01-08,SKU024,81
2024-01-15,SKU024,95
2024-01-22,SKU024,87
2024-01-29,SKU024,100
2024-02-05,SKU024,106
2024-02-12,SKU024,84
2024-02-19,SKU024,90
2024-02-26,SKU024,114
2024-03-04,SKU024,115
2024-03-11,SKU024,118
2024-03-18,SKU024,111
2024-03-25,SKU024,117
2024-04-01,SKU024,95
2024-04-08,SKU024,103
2024-04-15,SKU024,113
2024-04-22,SKU024,106
2024-04-29,SKU024,103
2024-05-06,SKU024,108
2024-05-13,SKU024,109
2024-05-20,SKU024,104
2024-05-27,SKU024,118
2024-06-03,SKU024,97
2024-06-10,SKU024,95
2024-06-17,SKU024,114
2024-06-24,SKU024,105
2024-07-01,SKU024,100
2024-07-08,SKU024,83
2024-07-15,SKU024,92
2024-07-22,SKU024,92
2024-07-29,SKU024,88
2024-08-05,SKU024,83
2024-08-12,SKU024,86
2024-08-19,SKU024,100
2024-08-26,SKU024,88
2024-09-02,SKU024,84
2024-09-09,SKU024,83
2024-09-16,SKU024,72
2024-09-23,SKU024,85
2024-09-30,SKU024,83
2024-10-07,SKU024,66
2024-10-14,SKU024,72
2024-10-21,SKU024,62
2024-10-28,SKU024,86
2024-11-04,SKU024,78
2024-11-11,SKU024,72
2024-11-18,SKU024,74
2024-11-25,SKU024,65
2024-12-02,SKU024,76
2024-12-09,SKU024,101
2024-12-16,SKU024,75
2024-12-23,SKU024,71
2024-12-30,SKU024,101
2025-01-06,SKU024,77
2025-01-13,SKU024,73
2025-01-20,SKU024,80
2025-01-27,SKU024,88
2025-02-03,SKU024,84
2025-02-10,SKU024,95
2025-02-17,SKU024,91
2025-02-24,SKU024,116
2025-03-03,SKU024,104
2025-03-10,SKU024,117
2025-03-17,SKU024,141
2025-03-24,SKU024,119
2025-03-31,SKU024,116
2025-04-07,SKU024,90
2025-04-14,SKU024,110
2025-04-21,SKU024,105
2025-04-28,SKU024,108
2025-05-05,SKU024,121
2025-05-12,SKU024,88
2025-05-19,SKU024,91
2025-05-26,SKU024,97
2025-06-02,SKU024,94
2025-06-09,SKU024,105
2025-06-16,SKU024,101
2025-06-23,SKU024,107
2025-06-30,SKU024,94
2025-07-07,SKU024,79
2025-07-14,SKU024,70
2025-07-21,SKU024,73
2025-07-28,SKU024,104
2025-08-04,SKU024,84
2025-08-11,SKU024,83
2025-08-18,SKU024,69
2025-08-25,SKU024,93
2025-09-01,SKU024,104
2025-09-08,SKU024,79
2025-09-15,SKU024,84
2025-09-22,SKU024,80
2025-09-29,SKU024,69
2025-10-06,SKU024,65
2025-10-13,SKU024,75
2025-10-20,SKU024,82
2025-10-27,SKU024,83
2025-11-03,SKU024,82
2025-11-10,SKU024,82
2025-11-17,SKU024,80
2025-11-24,SKU024,76
2025-12-01,SKU024,93
2025-12-08,SKU024,72
2025-12-15,SKU024,85
2025-12-22,SKU024,71
2025-12-29,SKU024,27
2024-01-01,SKU025,14
2024-01-08,SKU025,21
2024-01-15,SKU025,16
2024-01-22,SKU025,24
2024-01-29,SKU025,18
2024-02-05,SKU025,19
2024-02-12,SKU025,18
2024-02-19,SKU025,23
2024-02-26,SKU025,25
2024-03-04,SKU025,22
2024-03-11,SKU025,21
2024-03-18,SKU025,27
2024-03-25,SKU025,31
2024-04-01,SKU025,24
2024-04-08,SKU025,19
2024-04-15,SKU025,17
2024-04-22,SKU025,28
2024-04-29,SKU025,19
2024-05-06,SKU025,20
2024-05-13,SKU025,21
2024-05-20,SKU025,15
2024-05-27,SKU025,16
2024-06-03,SKU025,21
2024-06-10,SKU025,16
2024-06-17,SKU025,18
2024-06-24,SKU025,25
2024-07-01,SKU025,24
2024-07-08,SKU025,23
2024-07-15,SKU025,16
2024-07-22,SKU025,14
2024-07-29,SKU025,18
2024-08-05,SKU025,17
2024-08-12,SKU025,17
2024-08-19,SKU025,19
2024-08-26,SKU025,26
2024-09-02,SKU025,16
2024-09-09,SKU025,17
2024-09-16,SKU025,15
2024-09-23,SKU025,12
2024-09-30,SKU025,14
2024-10-07,SKU025,20
2024-10-14,SKU025,26
2024-10-21,SKU025,16
2024-10-28,SKU025,21
2024-11-04,SKU025,18
2024-11-11,SKU025,17
2024-11-18,SKU025,26
2024-11-25,SKU025,5
2024-12-02,SKU025,22
2024-12-09,SKU025,24
2024-12-16,SKU025,22
2024-12-23,SKU025,16
2024-12-30,SKU025,15
2025-01-06,SKU025,21
2025-01-13,SKU025,12
2025-01-20,SKU025,21
2025-01-27,SKU025,17
2025-02-03,SKU025,28
2025-02-10,SKU025,16
2025-02-17,SKU025,17
2025-02-24,SKU025,27
2025-03-03,SKU025,20
2025-03-10,SKU025,16
2025-03-17,SKU025,28
2025-03-24,SKU025,27
2025-03-31,SKU025,10
2025-04-07,SKU025,26
2025-04-14,SKU025,14
2025-04-21,SKU025,16
2025-04-28,SKU025,13
2025-05-05,SKU025,16
2025-05-12,SKU025,21
2025-05-19,SKU025,19
2025-05-26,SKU025,30
2025-06-02,SKU025,19
2025-06-09,SKU025,23
2025-06-16,SKU025,16
2025-06-23,SKU025,25
2025-06-30,SKU025,18
2025-07-07,SKU025,15
2025-07-14,SKU025,24
2025-07-21,SKU025,23
2025-07-28,SKU025,20
2025-08-04,SKU025,17
2025-08-11,SKU025,13
2025-08-18,SKU025,18
2025-08-25,SKU025,22
2025-09-01,SKU025,17
2025-09-08,SKU025,16
2025-09-15,SKU025,16
2025-09-22,SKU025,21
2025-09-29,SKU025,12
2025-10-06,SKU025,13
2025-10-13,SKU025,17
2025-10-20,SKU025,17
2025-10-27,SKU025,20
2025-11-03,SKU025,18
2025-11-10,SKU025,18
2025-11-17,SKU025,12
2025-11-24,SKU025,9
2025-12-01,SKU025,18
2025-12-08,SKU025,13
2025-12-15,SKU025,14
2025-12-22,SKU025,16
2025-12-29,SKU025,7
2024-01-01,SKU026,166
2024-01-08,SKU026,156
2024-01-15,SKU026,152
2024-01-22,SKU026,150
2024-01-29,SKU026,158
2024-02-05,SKU026,195
2024-02-12,SKU026,169
2024-02-19,SKU026,171
2024-02-26,SKU026,161
2024-03-04,SKU026,189
2024-03-11,SKU026,222
2024-03-18,SKU026,202
2024-03-25,SKU026,179
2024-04-01,SKU026,159
2024-04-08,SKU026,196
2024-04-15,SKU026,181
2024-04-22,SKU026,186
2024-04-29,SKU026,174
2024-05-06,SKU026,190
2024-05-13,SKU026,162
2024-05-20,SKU026,180
2024-05-27,SKU026,201
2024-06-03,SKU026,183
2024-06-10,SKU026,175
2024-06-17,SKU026,211
2024-06-24,SKU026,182
2024-07-01,SKU026,163
2024-07-08,SKU026,138
2024-07-15,SKU026,157
2024-07-22,SKU026,137
2024-07-29,SKU026,144
2024-08-05,SKU026,138
2024-08-12,SKU026,138
2024-08-19,SKU026,144
2024-08-26,SKU026,129
2024-09-02,SKU026,146
2024-09-09,SKU026,143
2024-09-16,SKU026,120
2024-09-23,SKU026,129
2024-09-30,SKU026,131
2024-10-07,SKU026,145
2024-10-14,SKU026,141
2024-10-21,SKU026,137
2024-10-28,SKU026,130
2024-11-04,SKU026,127
2024-11-11,SKU026,156
2024-11-18,SKU026,124
2024-11-25,SKU026,116
2024-12-02,SKU026,162
2024-12-09,SKU026,148
2024-12-16,SKU026,131
2024-12-23,SKU026,145
2024-12-30,SKU026,147
2025-01-06,SKU026,165
2025-01-13,SKU026,136
2025-01-20,SKU026,165
2025-01-27,SKU026,161
2025-02-03,SKU026,170
2025-02-10,SKU026,166
2025-02-17,SKU026,177
2025-02-24,SKU026,169
2025-03-03,SKU026,173
2025-03-10,SKU026,197
2025-03-17,SKU026,207
2025-03-24,SKU026,202
2025-03-31,SKU026,174
2025-04-07,SKU026,195
2025-04-14,SKU026,160
2025-04-21,SKU026,189
2025-04-28,SKU026,179
2025-05-05,SKU026,177
2025-05-12,SKU026,184
2025-05-19,SKU026,177
2025-05-26,SKU026,206
2025-06-02,SKU026,199
2025-06-09,SKU026,201
2025-06-16,SKU026,171
2025-06-23,SKU026,161
2025-06-30,SKU026,150
2025-07-07,SKU026,153
2025-07-14,SKU026,155
2025-07-21,SKU026,173
2025-07-28,SKU026,156
2025-08-04,SKU026,150
2025-08-11,SKU026,128
2025-08-18,SKU026,123
2025-08-25,SKU026,129
2025-09-01,SKU026,153
2025-09-08,SKU026,124
2025-09-15,SKU026,138
2025-09-22,SKU026,132
2025-09-29,SKU026,114
2025-10-06,SKU026,135
2025-10-13,SKU026,138
2025-10-20,SKU026,124
2025-10-27,SKU026,141
2025-11-03,SKU026,127
2025-11-10,SKU026,130
2025-11-17,SKU026,128
2025-11-24,SKU026,126
2025-12-01,SKU026,157
2025-12-08,SKU026,128
2025-12-15,SKU026,156
2025-12-22,SKU026,135
2025-12-29,SKU026,55
2024-01-01,SKU027,162
2024-01-08,SKU027,170
2024-01-15,SKU027,170
2024-01-22,SKU027,145
2024-01-29,SKU027,182
2024-02-05,SKU027,188
2024-02-12,SKU027,177
2024-02-19,SKU027,158
2024-02-26,SKU027,188
2024-03-04,SKU027,212
2024-03-11,SKU027,214
2024-03-18,SKU027,195
2024-03-25,SKU027,195
2024-04-01,SKU027,200
2024-04-08,SKU027,181
2024-04-15,SKU027,185
2024-04-22,SKU027,205
2024-04-29,SKU027,188
2024-05-06,SKU027,194
2024-05-13,SKU027,196
2024-05-20,SKU027,193
2024-05-27,SKU027,210
2024-06-03,SKU027,179
2024-06-10,SKU027,219
2024-06-17,SKU027,200
2024-06-24,SKU027,178
2024-07-01,SKU027,149
2024-07-08,SKU027,168
2024-07-15,SKU027,167
2024-07-22,SKU027,154
2024-07-29,SKU027,151
2024-08-05,SKU027,149
2024-08-12,SKU027,158
2024-08-19,SKU027,165
2024-08-26,SKU027,154
2024-09-02,SKU027,127
2024-09-09,SKU027,134
2024-09-16,SKU027,143
2024-09-23,SKU027,156
2024-09-30,SKU027,126
2024-10-07,SKU027,126
2024-10-14,SKU027,121
2024-10-21,SKU027,151
2024-10-28,SKU027,138
2024-11-04,SKU027,143
2024-11-11,SKU027,153
2024-11-18,SKU027,163
2024-11-25,SKU027,152
2024-12-02,SKU027,153
2024-12-09,SKU027,154
2024-12-16,SKU027,133
2024-12-23,SKU027,172
2024-12-30,SKU027,185
2025-01-06,SKU027,167
2025-01-13,SKU027,190
2025-01-20,SKU027,179
2025-01-27,SKU027,160
2025-02-03,SKU027,197
2025-02-10,SKU027,187
2025-02-17,SKU027,156
2025-02-24,SKU027,204
2025-03-03,SKU027,206
2025-03-10,SKU027,219
2025-03-17,SKU027,216
2025-03-24,SKU027,206
2025-03-31,SKU027,188
2025-04-07,SKU027,195
2025-04-14,SKU027,228
2025-04-21,SKU027,180
2025-04-28,SKU027,188
2025-05-05,SKU027,180
2025-05-12,SKU027,209
2025-05-19,SKU027,204
2025-05-26,SKU027,195
2025-06-02,SKU027,181
2025-06-09,SKU027,165
2025-06-16,SKU027,193
2025-06-23,SKU027,183
2025-06-30,SKU027,165
2025-07-07,SKU027,185
2025-07-14,SKU027,163
2025-07-21,SKU027,155
2025-07-28,SKU027,156
2025-08-04,SKU027,120
2025-08-11,SKU027,146
2025-08-18,SKU027,145
2025-08-25,SKU027,138
2025-09-01,SKU027,167
2025-09-08,SKU027,143
2025-09-15,SKU027,158
2025-09-22,SKU027,150
2025-09-29,SKU027,151
2025-10-06,SKU027,149
2025-10-13,SKU027,127
2025-10-20,SKU027,130
2025-10-27,SKU027,136
2025-11-03,SKU027,147
2025-11-10,SKU027,149
2025-11-17,SKU027,163
2025-11-24,SKU027,162
2025-12-01,SKU027,153
2025-12-08,SKU027,161
2025-12-15,SKU027,182
2025-12-22,SKU027,144
2025-12-29,SKU027,67
2024-01-01,SKU028,32
2024-01-08,SKU028,35
2024-01-15,SKU028,39
2024-01-22,SKU028,34
2024-01-29,SKU028,40
2024-02-05,SKU028,37
2024-02-12,SKU028,43
2024-02-19,SKU028,34
2024-02-26,SKU028,44
2024-03-04,SKU028,54
2024-03-11,SKU028,43
2024-03-18,SKU028,47
2024-03-25,SKU028,56
2024-04-01,SKU028,47
2024-04-08,SKU028,50
2024-04-15,SKU028,56
2024-04-22,SKU028,44
2024-04-29,SKU028,40
2024-05-06,SKU028,45
2024-05-13,SKU028,53
2024-05-20,SKU028,40
2024-05-27,SKU028,52
2024-06-03,SKU028,32
2024-06-10,SKU028,48
2024-06-17,SKU028,52
2024-06-24,SKU028,52
2024-07-01,SKU028,42
2024-07-08,SKU028,37
2024-07-15,SKU028,39
2024-07-22,SKU028,46
2024-07-29,SKU028,30
2024-08-05,SKU028,28
2024-08-12,SKU028,31
2024-08-19,SKU028,37
2024-08-26,SKU028,31
2024-09-02,SKU028,41
2024-09-09,SKU028,26
2024-09-16,SKU028,44
2024-09-23,SKU028,25
2024-09-30,SKU028,36
2024-10-07,SKU028,29
2024-10-14,SKU028,34
2024-10-21,SKU028,26
2024-10-28,SKU028,40
2024-11-04,SKU028,32
2024-11-11,SKU028,33
2024-11-18,SKU028,30
2024-11-25,SKU028,41
2024-12-02,SKU028,36
2024-12-09,SKU028,48
2024-12-16,SKU028,45
2024-12-23,SKU028,37
2024-12-30,SKU028,47
2025-01-06,SKU028,41
2025-01-13,SKU028,43
2025-01-20,SKU028,42
2025-01-27,SKU028,38
2025-02-03,SKU028,44
2025-02-10,SKU028,37
2025-02-17,SKU028,32
2025-02-24,SKU028,41
2025-03-03,SKU028,52
2025-03-10,SKU028,43
2025-03-17,SKU028,50
2025-03-24,SKU028,54
2025-03-31,SKU028,36
2025-04-07,SKU028,42
2025-04-14,SKU028,44
2025-04-21,SKU028,49
2025-04-28,SKU028,44
2025-05-05,SKU028,49
2025-05-12,SKU028,48
2025-05-19,SKU028,52
2025-05-26,SKU028,40
2025-06-02,SKU028,49
2025-06-09,SKU028,41
2025-06-16,SKU028,41
2025-06-23,SKU028,43
2025-06-30,SKU028,32
2025-07-07,SKU028,46
2025-07-14,SKU028,42
2025-07-21,SKU028,36
2025-07-28,SKU028,35
2025-08-04,SKU028,40
2025-08-11,SKU028,31
2025-08-18,SKU028,27
2025-08-25,SKU028,45
2025-09-01,SKU028,35
2025-09-08,SKU028,36
2025-09-15,SKU028,34
2025-09-22,SKU028,30
2025-09-29,SKU028,18
2025-10-06,SKU028,31
2025-10-13,SKU028,32
2025-10-20,SKU028,30
2025-10-27,SKU028,31
2025-11-03,SKU028,30
2025-11-10,SKU028,40
2025-11-17,SKU028,39
2025-11-24,SKU028,34
2025-12-01,SKU028,40
2025-12-08,SKU028,25
2025-12-15,SKU028,22
2025-12-22,SKU028,31
2025-12-29,SKU028,14
2024-01-01,SKU029,114
2024-01-08,SKU029,120
2024-01-15,SKU029,93
2024-01-22,SKU029,94
2024-01-29,SKU029,109
2024-02-05,SKU029,102
2024-02-12,SKU029,114
2024-02-19,SKU029,112
2024-02-26,SKU029,115
2024-03-04,SKU029,131
2024-03-11,SKU029,133
2024-03-18,SKU029,142
2024-03-25,SKU029,125
2024-04-01,SKU029,117
2024-04-08,SKU029,139
2024-04-15,SKU029,126
2024-04-22,SKU029,125
2024-04-29,SKU029,117
2024-05-06,SKU029,116
2024-05-13,SKU029,117
2024-05-20,SKU029,134
2024-05-27,SKU029,132
2024-06-03,SKU029,129
2024-06-10,SKU029,142
2024-06-17,SKU029,128
2024-06-24,SKU029,127
2024-07-01,SKU029,118
2024-07-08,SKU029,101
2024-07-15,SKU029,86
2024-07-22,SKU029,134
2024-07-29,SKU029,100
2024-08-05,SKU029,98
2024-08-12,SKU029,107
2024-08-19,SKU029,106
2024-08-26,SKU029,99
2024-09-02,SKU029,109
2024-09-09,SKU029,104
2024-09-16,SKU029,93
2024-09-23,SKU029,93
2024-09-30,SKU029,98
2024-10-07,SKU029,96
2024-10-14,SKU029,90
2024-10-21,SKU029,96
2024-10-28,SKU029,75
2024-11-04,SKU029,95
2024-11-11,SKU029,110
2024-11-18,SKU029,114
2024-11-25,SKU029,83
2024-12-02,SKU029,110
2024-12-09,SKU029,95
2024-12-16,SKU029,109
2024-12-23,SKU029,96
2024-12-30,SKU029,114
2025-01-06,SKU029,110
2025-01-13,SKU029,124
2025-01-20,SKU029,91
2025-01-27,SKU029,111
2025-02-03,SKU029,105
2025-02-10,SKU029,127
2025-02-17,SKU029,118
2025-02-24,SKU029,116
2025-03-03,SKU029,127
2025-03-10,SKU029,106
2025-03-17,SKU029,147
2025-03-24,SKU029,132
2025-03-31,SKU029,136
2025-04-07,SKU029,120
2025-04-14,SKU029,131
2025-04-21,SKU029,120
2025-04-28,SKU029,116
2025-05-05,SKU029,127
2025-05-12,SKU029,142
2025-05-19,SKU029,130
2025-05-26,SKU029,133
2025-06-02,SKU029,117
2025-06-09,SKU029,121
2025-06-16,SKU029,122
2025-06-23,SKU029,114
2025-06-30,SKU029,102
2025-07-07,SKU029,107
2025-07-14,SKU029,112
2025-07-21,SKU029,120
2025-07-28,SKU029,97
2025-08-04,SKU029,93
2025-08-11,SKU029,113
2025-08-18,SKU029,114
2025-08-25,SKU029,103
2025-09-01,SKU029,90
2025-09-08,SKU029,89
2025-09-15,SKU029,105
2025-09-22,SKU029,86
2025-09-29,SKU029,78
2025-10-06,SKU029,92
2025-10-13,SKU029,85
2025-10-20,SKU029,98
2025-10-27,SKU029,104
2025-11-03,SKU029,88
2025-11-10,SKU029,98
2025-11-17,SKU029,97
2025-11-24,SKU029,96
2025-12-01,SKU029,87
2025-12-08,SKU029,115
2025-12-15,SKU029,104
2025-12-22,SKU029,97
2025-12-29,SKU029,35
2024-01-01,SKU030,39
2024-01-08,SKU030,41
2024-01-15,SKU030,23
2024-01-22,SKU030,28
2024-01-29,SKU030,29
2024-02-05,SKU030,30
2024-02-12,SKU030,36
2024-02-19,SKU030,42
2024-02-26,SKU030,43
2024-03-04,SKU030,22
2024-03-11,SKU030,38
2024-03-18,SKU030,43
2024-03-25,SKU030,36
2024-04-01,SKU030,45
2024-04-08,SKU030,40
2024-04-15,SKU030,38
2024-04-22,SKU030,36
2024-04-29,SKU030,35
2024-05-06,SKU030,41
2024-05-13,SKU030,42
2024-05-20,SKU030,47
2024-05-27,SKU030,40
2024-06-03,SKU030,29
2024-06-10,SKU030,47
2024-06-17,SKU030,28
2024-06-24,SKU030,30
2024-07-01,SKU030,36
2024-07-08,SKU030,27
2024-07-15,SKU030,27
2024-07-22,SKU030,32
2024-07-29,SKU030,38
2024-08-05,SKU030,45
2024-08-12,SKU030,25
2024-08-19,SKU030,30
2024-08-26,SKU030,39
2024-09-02,SKU030,26
2024-09-09,SKU030,30
2024-09-16,SKU030,32
2024-09-23,SKU030,37
2024-09-30,SKU030,22
2024-10-07,SKU030,18
2024-10-14,SKU030,31
2024-10-21,SKU030,26
2024-10-28,SKU030,27
2024-11-04,SKU030,28
2024-11-11,SKU030,30
2024-11-18,SKU030,30
2024-11-25,SKU030,32
2024-12-02,SKU030,30
2024-12-09,SKU030,38
2024-12-16,SKU030,32
2024-12-23,SKU030,27
2024-12-30,SKU030,21
2025-01-06,SKU030,31
2025-01-13,SKU030,34
2025-01-20,SKU030,36
2025-01-27,SKU030,26
2025-02-03,SKU030,41
2025-02-10,SKU030,31
2025-02-17,SKU030,39
2025-02-24,SKU030,47
2025-03-03,SKU030,39
2025-03-10,SKU030,32
2025-03-17,SKU030,44
2025-03-24,SKU030,40
2025-03-31,SKU030,30
2025-04-07,SKU030,35
2025-04-14,SKU030,31
2025-04-21,SKU030,40
2025-04-28,SKU030,44
2025-05-05,SKU030,30
2025-05-12,SKU030,37
2025-05-19,SKU030,38
2025-05-26,SKU030,39
2025-06-02,SKU030,38
2025-06-09,SKU030,51
2025-06-16,SKU030,31
2025-06-23,SKU030,47
2025-06-30,SKU030,27
2025-07-07,SKU030,29
2025-07-14,SKU030,36
2025-07-21,SKU030,29
2025-07-28,SKU030,33
2025-08-04,SKU030,30
2025-08-11,SKU030,28
2025-08-18,SKU030,36
2025-08-25,SKU030,32
2025-09-01,SKU030,26
2025-09-08,SKU030,34
2025-09-15,SKU030,32
2025-09-22,SKU030,41
2025-09-29,SKU030,27
2025-10-06,SKU030,25
2025-10-13,SKU030,32
2025-10-20,SKU030,27
2025-10-27,SKU030,28
2025-11-03,SKU030,25
2025-11-10,SKU030,34
2025-11-17,SKU030,33
2025-11-24,SKU030,26
2025-12-01,SKU030,25
2025-12-08,SKU030,35
2025-12-15,SKU030,26
2025-12-22,SKU030,28
2025-12-29,SKU030,14
2024-01-01,SKU031,143
2024-01-08,SKU031,107
2024-01-15,SKU031,132
2024-01-22,SKU031,144
2024-01-29,SKU031,138
2024-02-05,SKU031,137
2024-02-12,SKU031,137
2024-02-19,SKU031,150
2024-02-26,SKU031,136
2024-03-04,SKU031,163
2024-03-11,SKU031,167
2024-03-18,SKU031,166
2024-03-25,SKU031,150
2024-04-01,SKU031,158
2024-04-08,SKU031,130
2024-04-15,SKU031,165
2024-04-22,SKU031,121
2024-04-29,SKU031,159
2024-05-06,SKU031,152
2024-05-13,SKU031,143
2024-05-20,SKU031,150
2024-05-27,SKU031,160
2024-06-03,SKU031,151
2024-06-10,SKU031,150
2024-06-17,SKU031,152
2024-06-24,SKU031,164
2024-07-01,SKU031,133
2024-07-08,SKU031,120
2024-07-15,SKU031,126
2024-07-22,SKU031,122
2024-07-29,SKU031,98
2024-08-05,SKU031,145
2024-08-12,SKU031,120
2024-08-19,SKU031,104
2024-08-26,SKU031,124
2024-09-02,SKU031,110
2024-09-09,SKU031,135
2024-09-16,SKU031,123
2024-09-23,SKU031,116
2024-09-30,SKU031,105
2024-10-07,SKU031,109
2024-10-14,SKU031,109
2024-10-21,SKU031,112
2024-10-28,SKU031,129
2024-11-04,SKU031,113
2024-11-11,SKU031,105
2024-11-18,SKU031,113
2024-11-25,SKU031,103
2024-12-02,SKU031,114
2024-12-09,SKU031,107
2024-12-16,SKU031,106
2024-12-23,SKU031,108
2024-12-30,SKU031,138
2025-01-06,SKU031,145
2025-01-13,SKU031,132
2025-01-20,SKU031,140
2025-01-27,SKU031,131
2025-02-03,SKU031,152
2025-02-10,SKU031,163
2025-02-17,SKU031,130
2025-02-24,SKU031,137
2025-03-03,SKU031,170
2025-03-10,SKU031,133
2025-03-17,SKU031,145
2025-03-24,SKU031,173
2025-03-31,SKU031,131
2025-04-07,SKU031,160
2025-04-14,SKU031,132
2025-04-21,SKU031,130
2025-04-28,SKU031,153
2025-05-05,SKU031,156
2025-05-12,SKU031,145
2025-05-19,SKU031,158
2025-05-26,SKU031,153
2025-06-02,SKU031,156
2025-06-09,SKU031,162
2025-06-16,SKU031,144
2025-06-23,SKU031,136
2025-06-30,SKU031,124
2025-07-07,SKU031,111
2025-07-14,SKU031,131
2025-07-21,SKU031,127
2025-07-28,SKU031,121
2025-08-04,SKU031,129
2025-08-11,SKU031,136
2025-08-18,SKU031,111
2025-08-25,SKU031,123
2025-09-01,SKU031,118
2025-09-08,SKU031,125
2025-09-15,SKU031,118
2025-09-22,SKU031,112
2025-09-29,SKU031,107
2025-10-06,SKU031,109
2025-10-13,SKU031,120
2025-10-20,SKU031,114
2025-10-27,SKU031,110
2025-11-03,SKU031,109
2025-11-10,SKU031,131
2025-11-17,SKU031,113
2025-11-24,SKU031,104
2025-12-01,SKU031,96
2025-12-08,SKU031,104
2025-12-15,SKU031,132
2025-12-22,SKU031,97
2025-12-29,SKU031,50
2024-01-01,SKU032,53
2024-01-08,SKU032,66
2024-01-15,SKU032,72
2024-01-22,SKU032,70
2024-01-29,SKU032,64
2024-02-05,SKU032,89
2024-02-12,SKU032,69
2024-02-19,SKU032,77
2024-02-26,SKU032,93
2024-03-04,SKU032,68
2024-03-11,SKU032,78
2024-03-18,SKU032,85
2024-03-25,SKU032,71
2024-04-01,SKU032,75
2024-04-08,SKU032,74
2024-04-15,SKU032,68
2024-04-22,SKU032,78
2024-04-29,SKU032,73
2024-05-06,SKU032,57
2024-05-13,SKU032,101
2024-05-20,SKU032,72
2024-05-27,SKU032,84
2024-06-03,SKU032,83
2024-06-10,SKU032,65
2024-06-17,SKU032,74
2024-06-24,SKU032,71
2024-07-01,SKU032,66
2024-07-08,SKU032,69
2024-07-15,SKU032,75
2024-07-22,SKU032,53
2024-07-29,SKU032,46
2024-08-05,SKU032,61
2024-08-12,SKU032,54
2024-08-19,SKU032,42
2024-08-26,SKU032,50
2024-09-02,SKU032,58
2024-09-09,SKU032,60
2024-09-16,SKU032,69
2024-09-23,SKU032,43
2024-09-30,SKU032,50
2024-10-07,SKU032,56
2024-10-14,SKU032,49
2024-10-21,SKU032,48
2024-10-28,SKU032,51
2024-11-04,SKU032,68
2024-11-11,SKU032,53
2024-11-18,SKU032,41
2024-11-25,SKU032,50
2024-12-02,SKU032,54
2024-12-09,SKU032,58
2024-12-16,SKU032,59
2024-12-23,SKU032,64
2024-12-30,SKU032,57
2025-01-06,SKU032,54
2025-01-13,SKU032,67
2025-01-20,SKU032,64
2025-01-27,SKU032,63
2025-02-03,SKU032,74
2025-02-10,SKU032,63
2025-02-17,SKU032,80
2025-02-24,SKU032,73
2025-03-03,SKU032,58
2025-03-10,SKU032,98
2025-03-17,SKU032,83
2025-03-24,SKU032,74
2025-03-31,SKU032,68
2025-04-07,SKU032,78
2025-04-14,SKU032,92
2025-04-21,SKU032,71
2025-04-28,SKU032,89
2025-05-05,SKU032,94
2025-05-12,SKU032,73
2025-05-19,SKU032,69
2025-05-26,SKU032,79
2025-06-02,SKU032,77
2025-06-09,SKU032,78
2025-06-16,SKU032,74
2025-06-23,SKU032,55
2025-06-30,SKU032,70
2025-07-07,SKU032,63
2025-07-14,SKU032,54
2025-07-21,SKU032,52
2025-07-28,SKU032,80
2025-08-04,SKU032,51
2025-08-11,SKU032,65
2025-08-18,SKU032,51
2025-08-25,SKU032,55
2025-09-01,SKU032,48
2025-09-08,SKU032,76
2025-09-15,SKU032,57
2025-09-22,SKU032,60
2025-09-29,SKU032,44
2025-10-06,SKU032,50
2025-10-13,SKU032,48
2025-10-20,SKU032,52
2025-10-27,SKU032,67
2025-11-03,SKU032,61
2025-11-10,SKU032,54
2025-11-17,SKU032,70
2025-11-24,SKU032,50
2025-12-01,SKU032,60
2025-12-08,SKU032,56
2025-12-15,SKU032,68
2025-12-22,SKU032,51
2025-12-29,SKU032,26
2024-01-01,SKU033,114
2024-01-08,SKU033,133
2024-01-15,SKU033,132
2024-01-22,SKU033,127
2024-01-29,SKU033,123
2024-02-05,SKU033,144
2024-02-12,SKU033,105
2024-02-19,SKU033,125
2024-02-26,SKU033,125
2024-03-04,SKU033,149
2024-03-11,SKU033,160
2024-03-18,SKU033,151
2024-03-25,SKU033,162
2024-04-01,SKU033,164
2024-04-08,SKU033,178
2024-04-15,SKU033,148
2024-04-22,SKU033,119
2024-04-29,SKU033,138
2024-05-06,SKU033,155
2024-05-13,SKU033,150
2024-05-20,SKU033,120
2024-05-27,SKU033,145
2024-06-03,SKU033,146
2024-06-10,SKU033,152
2024-06-17,SKU033,158
2024-06-24,SKU033,146
2024-07-01,SKU033,134
2024-07-08,SKU033,136
2024-07-15,SKU033,122
2024-07-22,SKU033,125
2024-07-29,SKU033,112
2024-08-05,SKU033,107
2024-08-12,SKU033,103
2024-08-19,SKU033,109
2024-08-26,SKU033,107
2024-09-02,SKU033,109
2024-09-09,SKU033,107
2024-09-16,SKU033,88
2024-09-23,SKU033,106
2024-09-30,SKU033,94
2024-10-07,SKU033,95
2024-10-14,SKU033,104
2024-10-21,SKU033,114
2024-10-28,SKU033,118
2024-11-04,SKU033,123
2024-11-11,SKU033,103
2024-11-18,SKU033,109
2024-11-25,SKU033,86
2024-12-02,SKU033,107
2024-12-09,SKU033,127
2024-12-16,SKU033,120
2024-12-23,SKU033,108
2024-12-30,SKU033,103
2025-01-06,SKU033,123
2025-01-13,SKU033,138
2025-01-20,SKU033,129
2025-01-27,SKU033,139
2025-02-03,SKU033,146
2025-02-10,SKU033,127
2025-02-17,SKU033,129
2025-02-24,SKU033,138
2025-03-03,SKU033,154
2025-03-10,SKU033,160
2025-03-17,SKU033,149
2025-03-24,SKU033,179
2025-03-31,SKU033,156
2025-04-07,SKU033,159
2025-04-14,SKU033,130
2025-04-21,SKU033,159
2025-04-28,SKU033,152
2025-05-05,SKU033,154
2025-05-12,SKU033,140
2025-05-19,SKU033,132
2025-05-26,SKU033,155
2025-06-02,SKU033,132
2025-06-09,SKU033,154
2025-06-16,SKU033,165
2025-06-23,SKU033,145
2025-06-30,SKU033,137
2025-07-07,SKU033,118
2025-07-14,SKU033,121
2025-07-21,SKU033,119
2025-07-28,SKU033,112
2025-08-04,SKU033,110
2025-08-11,SKU033,96
2025-08-18,SKU033,113
2025-08-25,SKU033,115
2025-09-01,SKU033,97
2025-09-08,SKU033,126
2025-09-15,SKU033,110
2025-09-22,SKU033,125
2025-09-29,SKU033,102
2025-10-06,SKU033,88
2025-10-13,SKU033,100
2025-10-20,SKU033,95
2025-10-27,SKU033,95
2025-11-03,SKU033,119
2025-11-10,SKU033,116
2025-11-17,SKU033,120
2025-11-24,SKU033,121
2025-12-01,SKU033,117
2025-12-08,SKU033,109
2025-12-15,SKU033,116
2025-12-22,SKU033,96
2025-12-29,SKU033,42
2024-01-01,SKU034,131
2024-01-08,SKU034,146
2024-01-15,SKU034,137
2024-01-22,SKU034,126
2024-01-29,SKU034,153
2024-02-05,SKU034,160
2024-02-12,SKU034,142
2024-02-19,SKU034,132
2024-02-26,SKU034,155
2024-03-04,SKU034,163
2024-03-11,SKU034,161
2024-03-18,SKU034,171
2024-03-25,SKU034,167
2024-04-01,SKU034,179
2024-04-08,SKU034,174
2024-04-15,SKU034,162
2024-04-22,SKU034,160
2024-04-29,SKU034,170
2024-05-06,SKU034,153
2024-05-13,SKU034,163
2024-05-20,SKU034,147
2024-05-27,SKU034,170
2024-06-03,SKU034,171
2024-06-10,SKU034,165
2024-06-17,SKU034,170
2024-06-24,SKU034,181
2024-07-01,SKU034,148
2024-07-08,SKU034,120
2024-07-15,SKU034,127
2024-07-22,SKU034,132
2024-07-29,SKU034,117
2024-08-05,SKU034,129
2024-08-12,SKU034,120
2024-08-19,SKU034,95
2024-08-26,SKU034,115
2024-09-02,SKU034,110
2024-09-09,SKU034,150
2024-09-16,SKU034,153
2024-09-23,SKU034,111
2024-09-30,SKU034,118
2024-10-07,SKU034,99
2024-10-14,SKU034,116
2024-10-21,SKU034,111
2024-10-28,SKU034,137
2024-11-04,SKU034,122
2024-11-11,SKU034,131
2024-11-18,SKU034,121
2024-11-25,SKU034,142
2024-12-02,SKU034,128
2024-12-09,SKU034,137
2024-12-16,SKU034,114
2024-12-23,SKU034,127
2024-12-30,SKU034,129
2025-01-06,SKU034,128
2025-01-13,SKU034,134
2025-01-20,SKU034,148
2025-01-27,SKU034,142
2025-02-03,SKU034,145
2025-02-10,SKU034,160
2025-02-17,SKU034,163
2025-02-24,SKU034,153
2025-03-03,SKU034,176
2025-03-10,SKU034,197
2025-03-17,SKU034,170
2025-03-24,SKU034,176
2025-03-31,SKU034,159
2025-04-07,SKU034,150
2025-04-14,SKU034,156
2025-04-21,SKU034,170
2025-04-28,SKU034,150
2025-05-05,SKU034,127
2025-05-12,SKU034,171
2025-05-19,SKU034,162
2025-05-26,SKU034,180
2025-06-02,SKU034,163
2025-06-09,SKU034,162
2025-06-16,SKU034,163
2025-06-23,SKU034,172
2025-06-30,SKU034,134
2025-07-07,SKU034,118
2025-07-14,SKU034,147
2025-07-21,SKU034,152
2025-07-28,SKU034,124
2025-08-04,SKU034,111
2025-08-11,SKU034,135
2025-08-18,SKU034,103
2025-08-25,SKU034,138
2025-09-01,SKU034,150
2025-09-08,SKU034,115
2025-09-15,SKU034,110
2025-09-22,SKU034,148
2025-09-29,SKU034,106
2025-10-06,SKU034,97
2025-10-13,SKU034,115
2025-10-20,SKU034,101
2025-10-27,SKU034,122
2025-11-03,SKU034,129
2025-11-10,SKU034,118
2025-11-17,SKU034,133
2025-11-24,SKU034,130
2025-12-01,SKU034,147
2025-12-08,SKU034,118
2025-12-15,SKU034,119
2025-12-22,SKU034,124
2025-12-29,SKU034,42
2024-01-01,SKU035,146
2024-01-08,SKU035,159
2024-01-15,SKU035,154
2024-01-22,SKU035,139
2024-01-29,SKU035,154
2024-02-05,SKU035,153
2024-02-12,SKU035,165
2024-02-19,SKU035,163
2024-02-26,SKU035,173
2024-03-04,SKU035,177
2024-03-11,SKU035,177
2024-03-18,SKU035,185
2024-03-25,SKU035,176
2024-04-01,SKU035,165
2024-04-08,SKU035,187
2024-04-15,SKU035,159
2024-04-22,SKU035,201
2024-04-29,SKU035,169
2024-05-06,SKU035,159
2024-05-13,SKU035,158
2024-05-20,SKU035,174
2024-05-27,SKU035,176
2024-06-03,SKU035,166
2024-06-10,SKU035,195
2024-06-17,SKU035,159
2024-06-24,SKU035,177
2024-07-01,SKU035,143
2024-07-08,SKU035,159
2024-07-15,SKU035,132
2024-07-22,SKU035,159
2024-07-29,SKU035,144
2024-08-05,SKU035,137
2024-08-12,SKU035,137
2024-08-19,SKU035,125
2024-08-26,SKU035,135
2024-09-02,SKU035,120
2024-09-09,SKU035,134
2024-09-16,SKU035,133
2024-09-23,SKU035,130
2024-09-30,SKU035,114
2024-10-07,SKU035,102
2024-10-14,SKU035,126
2024-10-21,SKU035,102
2024-10-28,SKU035,119
2024-11-04,SKU035,124
2024-11-11,SKU035,117
2024-11-18,SKU035,135
2024-11-25,SKU035,132
2024-12-02,SKU035,135
2024-12-09,SKU035,133
2024-12-16,SKU035,134
2024-12-23,SKU035,126
2024-12-30,SKU035,139
2025-01-06,SKU035,149
2025-01-13,SKU035,122
2025-01-20,SKU035,148
2025-01-27,SKU035,140
2025-02-03,SKU035,179
2025-02-10,SKU035,184
2025-02-17,SKU035,165
2025-02-24,SKU035,189
2025-03-03,SKU035,175
2025-03-10,SKU035,162
2025-03-17,SKU035,176
2025-03-24,SKU035,181
2025-03-31,SKU035,164
2025-04-07,SKU035,187
2025-04-14,SKU035,173
2025-04-21,SKU035,160
2025-04-28,SKU035,176
2025-05-05,SKU035,180
2025-05-12,SKU035,181
2025-05-19,SKU035,169
2025-05-26,SKU035,183
2025-06-02,SKU035,190
2025-06-09,SKU035,163
2025-06-16,SKU035,152
2025-06-23,SKU035,177
2025-06-30,SKU035,148
2025-07-07,SKU035,123
2025-07-14,SKU035,132
2025-07-21,SKU035,154
2025-07-28,SKU035,137
2025-08-04,SKU035,134
2025-08-11,SKU035,146
2025-08-18,SKU035,117
2025-08-25,SKU035,132
2025-09-01,SKU035,147
2025-09-08,SKU035,119
2025-09-15,SKU035,138
2025-09-22,SKU035,123
2025-09-29,SKU035,134
2025-10-06,SKU035,108
2025-10-13,SKU035,129
2025-10-20,SKU035,135
2025-10-27,SKU035,117
2025-11-03,SKU035,113
2025-11-10,SKU035,124
2025-11-17,SKU035,133
2025-11-24,SKU035,131
2025-12-01,SKU035,128
2025-12-08,SKU035,128
2025-12-15,SKU035,127
2025-12-22,SKU035,148
2025-12-29,SKU035,40
2024-01-01,SKU036,25
2024-01-08,SKU036,28
2024-01-15,SKU036,40
2024-01-22,SKU036,39
2024-01-29,SKU036,46
2024-02-05,SKU036,29
2024-02-12,SKU036,41
2024-02-19,SKU036,33
2024-02-26,SKU036,47
2024-03-04,SKU036,53
2024-03-11,SKU036,33
2024-03-18,SKU036,49
2024-03-25,SKU036,41
2024-04-01,SKU036,49
2024-04-08,SKU036,44
2024-04-15,SKU036,44
2024-04-22,SKU036,33
2024-04-29,SKU036,28
2024-05-06,SKU036,24
2024-05-13,SKU036,39
2024-05-20,SKU036,30
2024-05-27,SKU036,45
2024-06-03,SKU036,43
2024-06-10,SKU036,41
2024-06-17,SKU036,27
2024-06-24,SKU036,39
2024-07-01,SKU036,21
2024-07-08,SKU036,21
2024-07-15,SKU036,49
2024-07-22,SKU036,31
2024-07-29,SKU036,25
2024-08-05,SKU036,21
2024-08-12,SKU036,24
2024-08-19,SKU036,34
2024-08-26,SKU036,28
2024-09-02,SKU036,33
2024-09-09,SKU036,30
2024-09-16,SKU036,28
2024-09-23,SKU036,32
2024-09-30,SKU036,27
2024-10-07,SKU036,35
2024-10-14,SKU036,29
2024-10-21,SKU036,21
2024-10-28,SKU036,28
2024-11-04,SKU036,33
2024-11-11,SKU036,40
2024-11-18,SKU036,33
2024-11-25,SKU036,25
2024-12-02,SKU036,26
2024-12-09,SKU036,36
2024-12-16,SKU036,25
2024-12-23,SKU036,37
2024-12-30,SKU036,22
2025-01-06,SKU036,32
2025-01-13,SKU036,36
2025-01-20,SKU036,38
2025-01-27,SKU036,39
2025-02-03,SKU036,39
2025-02-10,SKU036,30
2025-02-17,SKU036,40
2025-02-24,SKU036,34
2025-03-03,SKU036,35
2025-03-10,SKU036,27
2025-03-17,SKU036,34
2025-03-24,SKU036,41
2025-03-31,SKU036,40
2025-04-07,SKU036,46
2025-04-14,SKU036,33
2025-04-21,SKU036,47
2025-04-28,SKU036,43
2025-05-05,SKU036,44
2025-05-12,SKU036,45
2025-05-19,SKU036,28
2025-05-26,SKU036,44
2025-06-02,SKU036,31
2025-06-09,SKU036,30
2025-06-16,SKU036,42
2025-06-23,SKU036,40
2025-06-30,SKU036,33
2025-07-07,SKU036,33
2025-07-14,SKU036,37
2025-07-21,SKU036,26
2025-07-28,SKU036,33
2025-08-04,SKU036,26
2025-08-11,SKU036,22
2025-08-18,SKU036,27
2025-08-25,SKU036,43
2025-09-01,SKU036,28
2025-09-08,SKU036,26
2025-09-15,SKU036,35
2025-09-22,SKU036,27
2025-09-29,SKU036,33
2025-10-06,SKU036,19
2025-10-13,SKU036,19
2025-10-20,SKU036,34
2025-10-27,SKU036,29
2025-11-03,SKU036,27
2025-11-10,SKU036,30
2025-11-17,SKU036,35
2025-11-24,SKU036,31
2025-12-01,SKU036,27
2025-12-08,SKU036,31
2025-12-15,SKU036,36
2025-12-22,SKU036,30
2025-12-29,SKU036,9
2024-01-01,SKU037,168
2024-01-08,SKU037,160
2024-01-15,SKU037,169
2024-01-22,SKU037,185
2024-01-29,SKU037,155
2024-02-05,SKU037,171
2024-02-12,SKU037,189
2024-02-19,SKU037,188
2024-02-26,SKU037,194
2024-03-04,SKU037,213
2024-03-11,SKU037,221
2024-03-18,SKU037,197
2024-03-25,SKU037,203
2024-04-01,SKU037,184
2024-04-08,SKU037,221
2024-04-15,SKU037,196
2024-04-22,SKU037,183
2024-04-29,SKU037,204
2024-05-06,SKU037,194
2024-05-13,SKU037,198
2024-05-20,SKU037,190
2024-05-27,SKU037,207
2024-06-03,SKU037,203
2024-06-10,SKU037,186
2024-06-17,SKU037,191
2024-06-24,SKU037,211
2024-07-01,SKU037,166
2024-07-08,SKU037,181
2024-07-15,SKU037,178
2024-07-22,SKU037,169
2024-07-29,SKU037,179
2024-08-05,SKU037,144
2024-08-12,SKU037,156
2024-08-19,SKU037,134
2024-08-26,SKU037,156
2024-09-02,SKU037,155
2024-09-09,SKU037,149
2024-09-16,SKU037,163
2024-09-23,SKU037,132
2024-09-30,SKU037,143
2024-10-07,SKU037,132
2024-10-14,SKU037,129
2024-10-21,SKU037,141
2024-10-28,SKU037,153
2024-11-04,SKU037,162
2024-11-11,SKU037,161
2024-11-18,SKU037,147
2024-11-25,SKU037,133
2024-12-02,SKU037,171
2024-12-09,SKU037,173
2024-12-16,SKU037,177
2024-12-23,SKU037,137
2024-12-30,SKU037,159
2025-01-06,SKU037,156
2025-01-13,SKU037,158
2025-01-20,SKU037,163
2025-01-27,SKU037,167
2025-02-03,SKU037,181
2025-02-10,SKU037,165
2025-02-17,SKU037,181
2025-02-24,SKU037,220
2025-03-03,SKU037,220
2025-03-10,SKU037,206
2025-03-17,SKU037,217
2025-03-24,SKU037,231
2025-03-31,SKU037,204
2025-04-07,SKU037,195
2025-04-14,SKU037,189
2025-04-21,SKU037,182
2025-04-28,SKU037,225
2025-05-05,SKU037,201
2025-05-12,SKU037,193
2025-05-19,SKU037,199
2025-05-26,SKU037,216
2025-06-02,SKU037,212
2025-06-09,SKU037,195
2025-06-16,SKU037,200
2025-06-23,SKU037,202
2025-06-30,SKU037,188
2025-07-07,SKU037,210
2025-07-14,SKU037,182
2025-07-21,SKU037,149
2025-07-28,SKU037,143
2025-08-04,SKU037,162
2025-08-11,SKU037,146
2025-08-18,SKU037,170
2025-08-25,SKU037,171
2025-09-01,SKU037,133
2025-09-08,SKU037,154
2025-09-15,SKU037,165
2025-09-22,SKU037,157
2025-09-29,SKU037,140
2025-10-06,SKU037,128
2025-10-13,SKU037,147
2025-10-20,SKU037,139
2025-10-27,SKU037,154
2025-11-03,SKU037,171
2025-11-10,SKU037,150
2025-11-17,SKU037,166
2025-11-24,SKU037,144
2025-12-01,SKU037,155
2025-12-08,SKU037,133
2025-12-15,SKU037,139
2025-12-22,SKU037,161
2025-12-29,SKU037,59
2024-01-01,SKU038,50
2024-01-08,SKU038,62
2024-01-15,SKU038,50
2024-01-22,SKU038,39
2024-01-29,SKU038,58
2024-02-05,SKU038,48
2024-02-12,SKU038,56
2024-02-19,SKU038,55
2024-02-26,SKU038,54
2024-03-04,SKU038,68
2024-03-11,SKU038,70
2024-03-18,SKU038,64
2024-03-25,SKU038,67
2024-04-01,SKU038,45
2024-04-08,SKU038,74
2024-04-15,SKU038,56
2024-04-22,SKU038,52
2024-04-29,SKU038,56
2024-05-06,SKU038,62
2024-05-13,SKU038,66
2024-05-20,SKU038,54
2024-05-27,SKU038,67
2024-06-03,SKU038,63
2024-06-10,SKU038,65
2024-06-17,SKU038,50
2024-06-24,SKU038,74
2024-07-01,SKU038,52
2024-07-08,SKU038,46
2024-07-15,SKU038,54
2024-07-22,SKU038,60
2024-07-29,SKU038,52
2024-08-05,SKU038,51
2024-08-12,SKU038,51
2024-08-19,SKU038,42
2024-08-26,SKU038,48
2024-09-02,SKU038,58
2024-09-09,SKU038,47
2024-09-16,SKU038,43
2024-09-23,SKU038,37
2024-09-30,SKU038,41
2024-10-07,SKU038,37
2024-10-14,SKU038,52
2024-10-21,SKU038,45
2024-10-28,SKU038,55
2024-11-04,SKU038,34
2024-11-11,SKU038,52
2024-11-18,SKU038,49
2024-11-25,SKU038,34
2024-12-02,SKU038,55
2024-12-09,SKU038,56
2024-12-16,SKU038,45
2024-12-23,SKU038,45
2024-12-30,SKU038,57
2025-01-06,SKU038,48
2025-01-13,SKU038,48
2025-01-20,SKU038,42
2025-01-27,SKU038,46
2025-02-03,SKU038,47
2025-02-10,SKU038,55
2025-02-17,SKU038,61
2025-02-24,SKU038,53
2025-03-03,SKU038,59
2025-03-10,SKU038,77
2025-03-17,SKU038,65
2025-03-24,SKU038,59
2025-03-31,SKU038,73
2025-04-07,SKU038,73
2025-04-14,SKU038,71
2025-04-21,SKU038,63
2025-04-28,SKU038,51
2025-05-05,SKU038,67
2025-05-12,SKU038,62
2025-05-19,SKU038,76
2025-05-26,SKU038,60
2025-06-02,SKU038,62
2025-06-09,SKU038,58
2025-06-16,SKU038,60
2025-06-23,SKU038,75
2025-06-30,SKU038,57
2025-07-07,SKU038,57
2025-07-14,SKU038,59
2025-07-21,SKU038,50
2025-07-28,SKU038,45
2025-08-04,SKU038,42
2025-08-11,SKU038,60
2025-08-18,SKU038,47
2025-08-25,SKU038,49
2025-09-01,SKU038,48
2025-09-08,SKU038,47
2025-09-15,SKU038,40
2025-09-22,SKU038,49
2025-09-29,SKU038,40
2025-10-06,SKU038,48
2025-10-13,SKU038,44
2025-10-20,SKU038,44
2025-10-27,SKU038,37
2025-11-03,SKU038,50
2025-11-10,SKU038,48
2025-11-17,SKU038,61
2025-11-24,SKU038,61
2025-12-01,SKU038,39
2025-12-08,SKU038,49
2025-12-15,SKU038,49
2025-12-22,SKU038,56
2025-12-29,SKU038,31
2024-01-01,SKU039,24
2024-01-08,SKU039,16
2024-01-15,SKU039,16
2024-01-22,SKU039,20
2024-01-29,SKU039,27
2024-02-05,SKU039,21
2024-02-12,SKU039,28
2024-02-19,SKU039,30
2024-02-26,SKU039,25
2024-03-04,SKU039,24
2024-03-11,SKU039,34
2024-03-18,SKU039,27
2024-03-25,SKU039,22
2024-04-01,SKU039,30
2024-04-08,SKU039,31
2024-04-15,SKU039,17
2024-04-22,SKU039,29
2024-04-29,SKU039,21
2024-05-06,SKU039,29
2024-05-13,SKU039,27
2024-05-20,SKU039,25
2024-05-27,SKU039,27
2024-06-03,SKU039,25
2024-06-10,SKU039,24
2024-06-17,SKU039,25
2024-06-24,SKU039,21
2024-07-01,SKU039,21
2024-07-08,SKU039,18
2024-07-15,SKU039,18
2024-07-22,SKU039,16
2024-07-29,SKU039,15
2024-08-05,SKU039,16
2024-08-12,SKU039,24
2024-08-19,SKU039,29
2024-08-26,SKU039,16
2024-09-02,SKU039,26
2024-09-09,SKU039,22
2024-09-16,SKU039,22
2024-09-23,SKU039,24
2024-09-30,SKU039,16
2024-10-07,SKU039,9
2024-10-14,SKU039,18
2024-10-21,SKU039,19
2024-10-28,SKU039,21
2024-11-04,SKU039,24
2024-11-11,SKU039,18
2024-11-18,SKU039,24
2024-11-25,SKU039,11
2024-12-02,SKU039,14
2024-12-09,SKU039,17
2024-12-16,SKU039,13
2024-12-23,SKU039,16
2024-12-30,SKU039,13
2025-01-06,SKU039,25
2025-01-13,SKU039,25
2025-01-20,SKU039,24
2025-01-27,SKU039,25
2025-02-03,SKU039,26
2025-02-10,SKU039,29
2025-02-17,SKU039,18
2025-02-24,SKU039,28
2025-03-03,SKU039,31
2025-03-10,SKU039,20
2025-03-17,SKU039,23
2025-03-24,SKU039,20
2025-03-31,SKU039,27
2025-04-07,SKU039,24
2025-04-14,SKU039,24
2025-04-21,SKU039,18
2025-04-28,SKU039,23
2025-05-05,SKU039,33
2025-05-12,SKU039,29
2025-05-19,SKU039,24
2025-05-26,SKU039,20
2025-06-02,SKU039,26
2025-06-09,SKU039,26
2025-06-16,SKU039,32
2025-06-23,SKU039,31
2025-06-30,SKU039,19
2025-07-07,SKU039,24
2025-07-14,SKU039,18
2025-07-21,SKU039,34
2025-07-28,SKU039,23
2025-08-04,SKU039,23
2025-08-11,SKU039,20
2025-08-18,SKU039,18
2025-08-25,SKU039,13
2025-09-01,SKU039,17
2025-09-08,SKU039,20
2025-09-15,SKU039,18
2025-09-22,SKU039,25
2025-09-29,SKU039,26
2025-10-06,SKU039,17
2025-10-13,SKU039,16
2025-10-20,SKU039,19
2025-10-27,SKU039,18
2025-11-03,SKU039,18
2025-11-10,SKU039,24
2025-11-17,SKU039,18
2025-11-24,SKU039,13
2025-12-01,SKU039,23
2025-12-08,SKU039,15
2025-12-15,SKU039,12
2025-12-22,SKU039,21
2025-12-29,SKU039,12
2024-01-01,SKU040,104
2024-01-08,SKU040,116
2024-01-15,SKU040,105
2024-01-22,SKU040,92
2024-01-29,SKU040,118
2024-02-05,SKU040,117
2024-02-12,SKU040,122
2024-02-19,SKU040,110
2024-02-26,SKU040,137
2024-03-04,SKU040,114
2024-03-11,SKU040,140
2024-03-18,SKU040,173
2024-03-25,SKU040,147
2024-04-01,SKU040,109
2024-04-08,SKU040,126
2024-04-15,SKU040,131
2024-04-22,SKU040,117
2024-04-29,SKU040,119
2024-05-06,SKU040,125
2024-05-13,SKU040,108
2024-05-20,SKU040,119
2024-05-27,SKU040,135
2024-06-03,SKU040,128
2024-06-10,SKU040,128
2024-06-17,SKU040,124
2024-06-24,SKU040,97
2024-07-01,SKU040,103
2024-07-08,SKU040,116
2024-07-15,SKU040,102
2024-07-22,SKU040,109
2024-07-29,SKU040,109
2024-08-05,SKU040,103
2024-08-12,SKU040,109
2024-08-19,SKU040,110
2024-08-26,SKU040,85
2024-09-02,SKU040,94
2024-09-09,SKU040,109
2024-09-16,SKU040,89
2024-09-23,SKU040,84
2024-09-30,SKU040,91
2024-10-07,SKU040,93
2024-10-14,SKU040,96
2024-10-21,SKU040,92
2024-10-28,SKU040,89
2024-11-04,SKU040,114
2024-11-11,SKU040,101
2024-11-18,SKU040,92
2024-11-25,SKU040,92
2024-12-02,SKU040,97
2024-12-09,SKU040,90
2024-12-16,SKU040,99
2024-12-23,SKU040,103
2024-12-30,SKU040,101
2025-01-06,SKU040,115
2025-01-13,SKU040,112
2025-01-20,SKU040,101
2025-01-27,SKU040,110
2025-02-03,SKU040,102
2025-02-10,SKU040,125
2025-02-17,SKU040,111
2025-02-24,SKU040,136
2025-03-03,SKU040,126
2025-03-10,SKU040,146
2025-03-17,SKU040,151
2025-03-24,SKU040,120
2025-03-31,SKU040,135
2025-04-07,SKU040,122
2025-04-14,SKU040,116
2025-04-21,SKU040,100
2025-04-28,SKU040,136
2025-05-05,SKU040,129
2025-05-12,SKU040,122
2025-05-19,SKU040,123
2025-05-26,SKU040,134
2025-06-02,SKU040,124
2025-06-09,SKU040,113
2025-06-16,SKU040,125
2025-06-23,SKU040,119
2025-06-30,SKU040,117
2025-07-07,SKU040,106
2025-07-14,SKU040,99
2025-07-21,SKU040,97
2025-07-28,SKU040,108
2025-08-04,SKU040,90
2025-08-11,SKU040,92
2025-08-18,SKU040,110
2025-08-25,SKU040,99
2025-09-01,SKU040,105
2025-09-08,SKU040,106
2025-09-15,SKU040,109
2025-09-22,SKU040,87
2025-09-29,SKU040,76
2025-10-06,SKU040,82
2025-10-13,SKU040,81
2025-10-20,SKU040,91
2025-10-27,SKU040,103
2025-11-03,SKU040,89
2025-11-10,SKU040,98
2025-11-17,SKU040,86
2025-11-24,SKU040,76
2025-12-01,SKU040,103
2025-12-08,SKU040,101
2025-12-15,SKU040,93
2025-12-22,SKU040,76
2025-12-29,SKU040,32
2024-01-01,SKU041,73
2024-01-08,SKU041,80
2024-01-15,SKU041,66
2024-01-22,SKU041,82
2024-01-29,SKU041,83
2024-02-05,SKU041,76
2024-02-12,SKU041,77
2024-02-19,SKU041,72
2024-02-26,SKU041,94
2024-03-04,SKU041,91
2024-03-11,SKU041,101
2024-03-18,SKU041,110
2024-03-25,SKU041,115
2024-04-01,SKU041,95
2024-04-08,SKU041,78
2024-04-15,SKU041,99
2024-04-22,SKU041,73
2024-04-29,SKU041,98
2024-05-06,SKU041,101
2024-05-13,SKU041,78
2024-05-20,SKU041,79
2024-05-27,SKU041,100
2024-06-03,SKU041,89
2024-06-10,SKU041,90
2024-06-17,SKU041,89
2024-06-24,SKU041,88
2024-07-01,SKU041,62
2024-07-08,SKU041,63
2024-07-15,SKU041,70
2024-07-22,SKU041,66
2024-07-29,SKU041,71
2024-08-05,SKU041,71
2024-08-12,SKU041,71
2024-08-19,SKU041,67
2024-08-26,SKU041,77
2024-09-02,SKU041,63
2024-09-09,SKU041,66
2024-09-16,SKU041,74
2024-09-23,SKU041,62
2024-09-30,SKU041,62
2024-10-07,SKU041,82
2024-10-14,SKU041,63
2024-10-21,SKU041,63
2024-10-28,SKU041,66
2024-11-04,SKU041,75
2024-11-11,SKU041,65
2024-11-18,SKU041,62
2024-11-25,SKU041,66
2024-12-02,SKU041,75
2024-12-09,SKU041,54
2024-12-16,SKU041,79
2024-12-23,SKU041,80
2024-12-30,SKU041,74
2025-01-06,SKU041,98
2025-01-13,SKU041,74
2025-01-20,SKU041,72
2025-01-27,SKU041,80
2025-02-03,SKU041,77
2025-02-10,SKU041,76
2025-02-17,SKU041,96
2025-02-24,SKU041,99
2025-03-03,SKU041,101
2025-03-10,SKU041,101
2025-03-17,SKU041,90
2025-03-24,SKU041,105
2025-03-31,SKU041,93
2025-04-07,SKU041,96
2025-04-14,SKU041,91
2025-04-21,SKU041,97
2025-04-28,SKU041,99
2025-05-05,SKU041,67
2025-05-12,SKU041,89
2025-05-19,SKU041,79
2025-05-26,SKU041,81
2025-06-02,SKU041,93
2025-06-09,SKU041,98
2025-06-16,SKU041,78
2025-06-23,SKU041,72
2025-06-30,SKU041,79
2025-07-07,SKU041,73
2025-07-14,SKU041,93
2025-07-21,SKU041,69
2025-07-28,SKU041,63
2025-08-04,SKU041,72
2025-08-11,SKU041,81
2025-08-18,SKU041,66
2025-08-25,SKU041,80
2025-09-01,SKU041,72
2025-09-08,SKU041,58
2025-09-15,SKU041,66
2025-09-22,SKU041,62
2025-09-29,SKU041,67
2025-10-06,SKU041,54
2025-10-13,SKU041,62
2025-10-20,SKU041,52
2025-10-27,SKU041,67
2025-11-03,SKU041,79
2025-11-10,SKU041,65
2025-11-17,SKU041,52
2025-11-24,SKU041,83
2025-12-01,SKU041,78
2025-12-08,SKU041,66
2025-12-15,SKU041,71
2025-12-22,SKU041,70
2025-12-29,SKU041,25
2024-01-01,SKU042,166
2024-01-08,SKU042,157
2024-01-15,SKU042,136
2024-01-22,SKU042,155
2024-01-29,SKU042,157
2024-02-05,SKU042,165
2024-02-12,SKU042,148
2024-02-19,SKU042,162
2024-02-26,SKU042,208
2024-03-04,SKU042,182
2024-03-11,SKU042,181
2024-03-18,SKU042,189
2024-03-25,SKU042,196
2024-04-01,SKU042,193
2024-04-08,SKU042,194
2024-04-15,SKU042,163
2024-04-22,SKU042,199
2024-04-29,SKU042,201
2024-05-06,SKU042,166
2024-05-13,SKU042,191
2024-05-20,SKU042,172
2024-05-27,SKU042,212
2024-06-03,SKU042,158
2024-06-10,SKU042,195
2024-06-17,SKU042,184
2024-06-24,SKU042,159
2024-07-01,SKU042,142
2024-07-08,SKU042,145
2024-07-15,SKU042,147
2024-07-22,SKU042,158
2024-07-29,SKU042,143
2024-08-05,SKU042,139
2024-08-12,SKU042,141
2024-08-19,SKU042,126
2024-08-26,SKU042,147
2024-09-02,SKU042,147
2024-09-09,SKU042,126
2024-09-16,SKU042,147
2024-09-23,SKU042,133
2024-09-30,SKU042,120
2024-10-07,SKU042,125
2024-10-14,SKU042,131
2024-10-21,SKU042,114
2024-10-28,SKU042,136
2024-11-04,SKU042,121
2024-11-11,SKU042,148
2024-11-18,SKU042,138
2024-11-25,SKU042,133
2024-12-02,SKU042,159
2024-12-09,SKU042,132
2024-12-16,SKU042,122
2024-12-23,SKU042,158
2024-12-30,SKU042,157
2025-01-06,SKU042,137
2025-01-13,SKU042,155
2025-01-20,SKU042,149
2025-01-27,SKU042,162
2025-02-03,SKU042,151
2025-02-10,SKU042,179
2025-02-17,SKU042,165
2025-02-24,SKU042,175
2025-03-03,SKU042,193
2025-03-10,SKU042,194
2025-03-17,SKU042,182
2025-03-24,SKU042,183
2025-03-31,SKU042,201
2025-04-07,SKU042,168
2025-04-14,SKU042,174
2025-04-21,SKU042,180
2025-04-28,SKU042,194
2025-05-05,SKU042,192
2025-05-12,SKU042,202
2025-05-19,SKU042,180
2025-05-26,SKU042,172
2025-06-02,SKU042,199
2025-06-09,SKU042,181
2025-06-16,SKU042,179
2025-06-23,SKU042,197
2025-06-30,SKU042,163
2025-07-07,SKU042,158
2025-07-14,SKU042,161
2025-07-21,SKU042,157
2025-07-28,SKU042,167
2025-08-04,SKU042,141
2025-08-11,SKU042,142
2025-08-18,SKU042,154
2025-08-25,SKU042,162
2025-09-01,SKU042,146
2025-09-08,SKU042,149
2025-09-15,SKU042,169
2025-09-22,SKU042,123
2025-09-29,SKU042,132
2025-10-06,SKU042,137
2025-10-13,SKU042,138
2025-10-20,SKU042,117
2025-10-27,SKU042,134
2025-11-03,SKU042,141
2025-11-10,SKU042,132
2025-11-17,SKU042,124
2025-11-24,SKU042,142
2025-12-01,SKU042,156
2025-12-08,SKU042,125
2025-12-15,SKU042,173
2025-12-22,SKU042,148
2025-12-29,SKU042,57
2024-01-01,SKU043,157
2024-01-08,SKU043,141
2024-01-15,SKU043,140
2024-01-22,SKU043,166
2024-01-29,SKU043,173
2024-02-05,SKU043,177
2024-02-12,SKU043,152
2024-02-19,SKU043,168
2024-02-26,SKU043,182
2024-03-04,SKU043,175
2024-03-11,SKU043,175
2024-03-18,SKU043,171
2024-03-25,SKU043,177
2024-04-01,SKU043,172
2024-04-08,SKU043,170
2024-04-15,SKU043,187
2024-04-22,SKU043,192
2024-04-29,SKU043,174
2024-05-06,SKU043,179
2024-05-13,SKU043,181
2024-05-20,SKU043,178
2024-05-27,SKU043,191
2024-06-03,SKU043,169
2024-06-10,SKU043,179
2024-06-17,SKU043,169
2024-06-24,SKU043,172
2024-07-01,SKU043,136
2024-07-08,SKU043,172
2024-07-15,SKU043,141
2024-07-22,SKU043,160
2024-07-29,SKU043,160
2024-08-05,SKU043,123
2024-08-12,SKU043,136
2024-08-19,SKU043,123
2024-08-26,SKU043,140
2024-09-02,SKU043,148
2024-09-09,SKU043,124
2024-09-16,SKU043,136
2024-09-23,SKU043,140
2024-09-30,SKU043,130
2024-10-07,SKU043,113
2024-10-14,SKU043,121
2024-10-21,SKU043,132
2024-10-28,SKU043,130
2024-11-04,SKU043,128
2024-11-11,SKU043,140
2024-11-18,SKU043,142
2024-11-25,SKU043,127
2024-12-02,SKU043,147
2024-12-09,SKU043,133
2024-12-16,SKU043,133
2024-12-23,SKU043,131
2024-12-30,SKU043,169
2025-01-06,SKU043,166
2025-01-13,SKU043,157
2025-01-20,SKU043,155
2025-01-27,SKU043,161
2025-02-03,SKU043,191
2025-02-10,SKU043,168
2025-02-17,SKU043,153
2025-02-24,SKU043,193
2025-03-03,SKU043,186
2025-03-10,SKU043,184
2025-03-17,SKU043,191
2025-03-24,SKU043,200
2025-03-31,SKU043,188
2025-04-07,SKU043,176
2025-04-14,SKU043,184
2025-04-21,SKU043,176
2025-04-28,SKU043,179
2025-05-05,SKU043,165
2025-05-12,SKU043,170
2025-05-19,SKU043,184
2025-05-26,SKU043,192
2025-06-02,SKU043,194
2025-06-09,SKU043,178
2025-06-16,SKU043,180
2025-06-23,SKU043,179
2025-06-30,SKU043,155
2025-07-07,SKU043,161
2025-07-14,SKU043,161
2025-07-21,SKU043,132
2025-07-28,SKU043,149
2025-08-04,SKU043,156
2025-08-11,SKU043,142
2025-08-18,SKU043,130
2025-08-25,SKU043,139
2025-09-01,SKU043,133
2025-09-08,SKU043,143
2025-09-15,SKU043,143
2025-09-22,SKU043,121
2025-09-29,SKU043,115
2025-10-06,SKU043,125
2025-10-13,SKU043,123
2025-10-20,SKU043,117
2025-10-27,SKU043,147
2025-11-03,SKU043,148
2025-11-10,SKU043,145
2025-11-17,SKU043,144
2025-11-24,SKU043,113
2025-12-01,SKU043,127
2025-12-08,SKU043,142
2025-12-15,SKU043,132
2025-12-22,SKU043,126
2025-12-29,SKU043,75
2024-01-01,SKU044,66
2024-01-08,SKU044,83
2024-01-15,SKU044,71
2024-01-22,SKU044,64
2024-01-29,SKU044,76
2024-02-05,SKU044,65
2024-02-12,SKU044,77
2024-02-19,SKU044,70
2024-02-26,SKU044,89
2024-03-04,SKU044,69
2024-03-11,SKU044,94
2024-03-18,SKU044,78
2024-03-25,SKU044,88
2024-04-01,SKU044,81
2024-04-08,SKU044,76
2024-04-15,SKU044,77
2024-04-22,SKU044,84
2024-04-29,SKU044,79
2024-05-06,SKU044,84
2024-05-13,SKU044,70
2024-05-20,SKU044,77
2024-05-27,SKU044,85
2024-06-03,SKU044,78
2024-06-10,SKU044,81
2024-06-17,SKU044,77
2024-06-24,SKU044,90
2024-07-01,SKU044,71
2024-07-08,SKU044,71
2024-07-15,SKU044,78
2024-07-22,SKU044,78
2024-07-29,SKU044,66
2024-08-05,SKU044,60
2024-08-12,SKU044,76
2024-08-19,SKU044,55
2024-08-26,SKU044,70
2024-09-02,SKU044,60
2024-09-09,SKU044,63
2024-09-16,SKU044,56
2024-09-23,SKU044,68
2024-09-30,SKU044,48
2024-10-07,SKU044,57
2024-10-14,SKU044,61
2024-10-21,SKU044,57
2024-10-28,SKU044,59
2024-11-04,SKU044,48
2024-11-11,SKU044,54
2024-11-18,SKU044,44
2024-11-25,SKU044,59
2024-12-02,SKU044,50
2024-12-09,SKU044,54
2024-12-16,SKU044,52
2024-12-23,SKU044,60
2024-12-30,SKU044,63
2025-01-06,SKU044,76
2025-01-13,SKU044,81
2025-01-20,SKU044,71
2025-01-27,SKU044,67
2025-02-03,SKU044,69
2025-02-10,SKU044,66
2025-02-17,SKU044,67
2025-02-24,SKU044,75
2025-03-03,SKU044,90
2025-03-10,SKU044,88
2025-03-17,SKU044,85
2025-03-24,SKU044,76
2025-03-31,SKU044,85
2025-04-07,SKU044,67
2025-04-14,SKU044,84
2025-04-21,SKU044,77
2025-04-28,SKU044,74
2025-05-05,SKU044,81
2025-05-12,SKU044,88
2025-05-19,SKU044,72
2025-05-26,SKU044,89
2025-06-02,SKU044,73
2025-06-09,SKU044,88
2025-06-16,SKU044,71
2025-06-23,SKU044,62
2025-06-30,SKU044,61
2025-07-07,SKU044,79
2025-07-14,SKU044,72
2025-07-21,SKU044,69
2025-07-28,SKU044,65
2025-08-04,SKU044,66
2025-08-11,SKU044,61
2025-08-18,SKU044,70
2025-08-25,SKU044,51
2025-09-01,SKU044,56
2025-09-08,SKU044,61
2025-09-15,SKU044,47
2025-09-22,SKU044,66
2025-09-29,SKU044,50
2025-10-06,SKU044,49
2025-10-13,SKU044,56
2025-10-20,SKU044,53
2025-10-27,SKU044,60
2025-11-03,SKU044,58
2025-11-10,SKU044,53
2025-11-17,SKU044,46
2025-11-24,SKU044,57
2025-12-01,SKU044,52
2025-12-08,SKU044,57
2025-12-15,SKU044,61
2025-12-22,SKU044,61
2025-12-29,SKU044,19
2024-01-01,SKU045,170
2024-01-08,SKU045,157
2024-01-15,SKU045,160
2024-01-22,SKU045,169
2024-01-29,SKU045,191
2024-02-05,SKU045,204
2024-02-12,SKU045,189
2024-02-19,SKU045,181
2024-02-26,SKU045,223
2024-03-04,SKU045,212
2024-03-11,SKU045,200
2024-03-18,SKU045,223
2024-03-25,SKU045,218
2024-04-01,SKU045,186
2024-04-08,SKU045,219
2024-04-15,SKU045,212
2024-04-22,SKU045,213
2024-04-29,SKU045,209
2024-05-06,SKU045,198
2024-05-13,SKU045,213
2024-05-20,SKU045,187
2024-05-27,SKU045,230
2024-06-03,SKU045,213
2024-06-10,SKU045,239
2024-06-17,SKU045,217
2024-06-24,SKU045,204
2024-07-01,SKU045,177
2024-07-08,SKU045,150
2024-07-15,SKU045,157
2024-07-22,SKU045,181
2024-07-29,SKU045,172
2024-08-05,SKU045,169
2024-08-12,SKU045,197
2024-08-19,SKU045,130
2024-08-26,SKU045,158
2024-09-02,SKU045,159
2024-09-09,SKU045,154
2024-09-16,SKU045,152
2024-09-23,SKU045,178
2024-09-30,SKU045,139
2024-10-07,SKU045,131
2024-10-14,SKU045,142
2024-10-21,SKU045,173
2024-10-28,SKU045,145
2024-11-04,SKU045,143
2024-11-11,SKU045,170
2024-11-18,SKU045,162
2024-11-25,SKU045,161
2024-12-02,SKU045,151
2024-12-09,SKU045,149
2024-12-16,SKU045,159
2024-12-23,SKU045,190
2024-12-30,SKU045,162
2025-01-06,SKU045,169
2025-01-13,SKU045,145
2025-01-20,SKU045,184
2025-01-27,SKU045,184
2025-02-03,SKU045,179
2025-02-10,SKU045,202
2025-02-17,SKU045,202
2025-02-24,SKU045,218
2025-03-03,SKU045,240
2025-03-10,SKU045,226
2025-03-17,SKU045,223
2025-03-24,SKU045,211
2025-03-31,SKU045,205
2025-04-07,SKU045,233
2025-04-14,SKU045,216
2025-04-21,SKU045,186
2025-04-28,SKU045,186
2025-05-05,SKU045,192
2025-05-12,SKU045,209
2025-05-19,SKU045,199
2025-05-26,SKU045,231
2025-06-02,SKU045,200
2025-06-09,SKU045,221
2025-06-16,SKU045,177
2025-06-23,SKU045,207
2025-06-30,SKU045,160
2025-07-07,SKU045,156
2025-07-14,SKU045,187
2025-07-21,SKU045,170
2025-07-28,SKU045,149
2025-08-04,SKU045,151
2025-08-11,SKU045,155
2025-08-18,SKU045,159
2025-08-25,SKU045,138
2025-09-01,SKU045,163
2025-09-08,SKU045,171
2025-09-15,SKU045,147
2025-09-22,SKU045,162
2025-09-29,SKU045,142
2025-10-06,SKU045,123
2025-10-13,SKU045,120
2025-10-20,SKU045,143
2025-10-27,SKU045,143
2025-11-03,SKU045,154
2025-11-10,SKU045,150
2025-11-17,SKU045,155
2025-11-24,SKU045,164
2025-12-01,SKU045,166
2025-12-08,SKU045,152
2025-12-15,SKU045,123
2025-12-22,SKU045,157
2025-12-29,SKU045,59
2024-01-01,SKU046,63
2024-01-08,SKU046,45
2024-01-15,SKU046,52
2024-01-22,SKU046,50
2024-01-29,SKU046,73
2024-02-05,SKU046,69
2024-02-12,SKU046,73
2024-02-19,SKU046,66
2024-02-26,SKU046,69
2024-03-04,SKU046,90
2024-03-11,SKU046,93
2024-03-18,SKU046,86
2024-03-25,SKU046,80
2024-04-01,SKU046,75
2024-04-08,SKU046,68
2024-04-15,SKU046,72
2024-04-22,SKU046,87
2024-04-29,SKU046,70
2024-05-06,SKU046,73
2024-05-13,SKU046,78
2024-05-20,SKU046,76
2024-05-27,SKU046,80
2024-06-03,SKU046,67
2024-06-10,SKU046,76
2024-06-17,SKU046,64
2024-06-24,SKU046,65
2024-07-01,SKU046,63
2024-07-08,SKU046,58
2024-07-15,SKU046,60
2024-07-22,SKU046,69
2024-07-29,SKU046,62
2024-08-05,SKU046,73
2024-08-12,SKU046,59
2024-08-19,SKU046,60
2024-08-26,SKU046,55
2024-09-02,SKU046,60
2024-09-09,SKU046,56
2024-09-16,SKU046,54
2024-09-23,SKU046,56
2024-09-30,SKU046,54
2024-10-07,SKU046,60
2024-10-14,SKU046,42
2024-10-21,SKU046,40
2024-10-28,SKU046,55
2024-11-04,SKU046,56
2024-11-11,SKU046,69
2024-11-18,SKU046,60
2024-11-25,SKU046,48
2024-12-02,SKU046,51
2024-12-09,SKU046,63
2024-12-16,SKU046,59
2024-12-23,SKU046,66
2024-12-30,SKU046,56
2025-01-06,SKU046,72
2025-01-13,SKU046,66
2025-01-20,SKU046,60
2025-01-27,SKU046,66
2025-02-03,SKU046,76
2025-02-10,SKU046,64
2025-02-17,SKU046,70
2025-02-24,SKU046,88
2025-03-03,SKU046,76
2025-03-10,SKU046,77
2025-03-17,SKU046,71
2025-03-24,SKU046,70
2025-03-31,SKU046,73
2025-04-07,SKU046,59
2025-04-14,SKU046,78
2025-04-21,SKU046,79
2025-04-28,SKU046,81
2025-05-05,SKU046,60
2025-05-12,SKU046,78
2025-05-19,SKU046,67
2025-05-26,SKU046,77
2025-06-02,SKU046,75
2025-06-09,SKU046,66
2025-06-16,SKU046,58
2025-06-23,SKU046,79
2025-06-30,SKU046,55
2025-07-07,SKU046,78
2025-07-14,SKU046,74
2025-07-21,SKU046,78
2025-07-28,SKU046,51
2025-08-04,SKU046,69
2025-08-11,SKU046,64
2025-08-18,SKU046,54
2025-08-25,SKU046,58
2025-09-01,SKU046,53
2025-09-08,SKU046,56
2025-09-15,SKU046,61
2025-09-22,SKU046,73
2025-09-29,SKU046,62
2025-10-06,SKU046,47
2025-10-13,SKU046,40
2025-10-20,SKU046,50
2025-10-27,SKU046,64
2025-11-03,SKU046,49
2025-11-10,SKU046,56
2025-11-17,SKU046,53
2025-11-24,SKU046,52
2025-12-01,SKU046,56
2025-12-08,SKU046,66
2025-12-15,SKU046,57
2025-12-22,SKU046,58
2025-12-29,SKU046,17
2024-01-01,SKU047,109
2024-01-08,SKU047,89
2024-01-15,SKU047,118
2024-01-22,SKU047,96
2024-01-29,SKU047,104
2024-02-05,SKU047,113
2024-02-12,SKU047,124
2024-02-19,SKU047,99
2024-02-26,SKU047,105
2024-03-04,SKU047,149
2024-03-11,SKU047,132
2024-03-18,SKU047,135
2024-03-25,SKU047,123
2024-04-01,SKU047,123
2024-04-08,SKU047,95
2024-04-15,SKU047,129
2024-04-22,SKU047,130
2024-04-29,SKU047,123
2024-05-06,SKU047,112
2024-05-13,SKU047,102
2024-05-20,SKU047,127
2024-05-27,SKU047,132
2024-06-03,SKU047,113
2024-06-10,SKU047,102
2024-06-17,SKU047,133
2024-06-24,SKU047,128
2024-07-01,SKU047,119
2024-07-08,SKU047,84
2024-07-15,SKU047,102
2024-07-22,SKU047,108
2024-07-29,SKU047,99
2024-08-05,SKU047,93
2024-08-12,SKU047,66
2024-08-19,SKU047,101
2024-08-26,SKU047,110
2024-09-02,SKU047,96
2024-09-09,SKU047,75
2024-09-16,SKU047,94
2024-09-23,SKU047,115
2024-09-30,SKU047,75
2024-10-07,SKU047,93
2024-10-14,SKU047,84
2024-10-21,SKU047,79
2024-10-28,SKU047,93
2024-11-04,SKU047,93
2024-11-11,SKU047,82
2024-11-18,SKU047,85
2024-11-25,SKU047,78
2024-12-02,SKU047,78
2024-12-09,SKU047,85
2024-12-16,SKU047,92
2024-12-23,SKU047,82
2024-12-30,SKU047,114
2025-01-06,SKU047,110
2025-01-13,SKU047,84
2025-01-20,SKU047,90
2025-01-27,SKU047,99
2025-02-03,SKU047,108
2025-02-10,SKU047,104
2025-02-17,SKU047,105
2025-02-24,SKU047,107
2025-03-03,SKU047,146
2025-03-10,SKU047,134
2025-03-17,SKU047,128
2025-03-24,SKU047,125
2025-03-31,SKU047,114
2025-04-07,SKU047,104
2025-04-14,SKU047,110
2025-04-21,SKU047,115
2025-04-28,SKU047,122
2025-05-05,SKU047,112
2025-05-12,SKU047,103
2025-05-19,SKU047,114
2025-05-26,SKU047,122
2025-06-02,SKU047,123
2025-06-09,SKU047,125
2025-06-16,SKU047,133
2025-06-23,SKU047,110
2025-06-30,SKU047,110
2025-07-07,SKU047,106
2025-07-14,SKU047,105
2025-07-21,SKU047,107
2025-07-28,SKU047,120
2025-08-04,SKU047,95
2025-08-11,SKU047,101
2025-08-18,SKU047,86
2025-08-25,SKU047,92
2025-09-01,SKU047,103
2025-09-08,SKU047,78
2025-09-15,SKU047,87
2025-09-22,SKU047,94
2025-09-29,SKU047,77
2025-10-06,SKU047,81
2025-10-13,SKU047,76
2025-10-20,SKU047,75
2025-10-27,SKU047,101
2025-11-03,SKU047,102
2025-11-10,SKU047,101
2025-11-17,SKU047,81
2025-11-24,SKU047,90
2025-12-01,SKU047,108
2025-12-08,SKU047,86
2025-12-15,SKU047,100
2025-12-22,SKU047,88
2025-12-29,SKU047,41
2024-01-01,SKU048,76
2024-01-08,SKU048,51
2024-01-15,SKU048,52
2024-01-22,SKU048,42
2024-01-29,SKU048,52
2024-02-05,SKU048,61
2024-02-12,SKU048,54
2024-02-19,SKU048,64
2024-02-26,SKU048,73
2024-03-04,SKU048,65
2024-03-11,SKU048,76
2024-03-18,SKU048,70
2024-03-25,SKU048,79
2024-04-01,SKU048,59
2024-04-08,SKU048,65
2024-04-15,SKU048,74
2024-04-22,SKU048,54
2024-04-29,SKU048,60
2024-05-06,SKU048,71
2024-05-13,SKU048,69
2024-05-20,SKU048,66
2024-05-27,SKU048,76
2024-06-03,SKU048,68
2024-06-10,SKU048,67
2024-06-17,SKU048,74
2024-06-24,SKU048,57
2024-07-01,SKU048,64
2024-07-08,SKU048,66
2024-07-15,SKU048,58
2024-07-22,SKU048,58
2024-07-29,SKU048,55
2024-08-05,SKU048,53
2024-08-12,SKU048,59
2024-08-19,SKU048,59
2024-08-26,SKU048,65
2024-09-02,SKU048,41
2024-09-09,SKU048,63
2024-09-16,SKU048,56
2024-09-23,SKU048,48
2024-09-30,SKU048,47
2024-10-07,SKU048,51
2024-10-14,SKU048,51
2024-10-21,SKU048,53
2024-10-28,SKU048,63
2024-11-04,SKU048,45
2024-11-11,SKU048,57
2024-11-18,SKU048,55
2024-11-25,SKU048,56
2024-12-02,SKU048,50
2024-12-09,SKU048,55
2024-12-16,SKU048,41
2024-12-23,SKU048,62
2024-12-30,SKU048,52
2025-01-06,SKU048,57
2025-01-13,SKU048,61
2025-01-20,SKU048,71
2025-01-27,SKU048,63
2025-02-03,SKU048,53
2025-02-10,SKU048,44
2025-02-17,SKU048,59
2025-02-24,SKU048,72
2025-03-03,SKU048,67
2025-03-10,SKU048,71
2025-03-17,SKU048,64
2025-03-24,SKU048,76
2025-03-31,SKU048,61
2025-04-07,SKU048,80
2025-04-14,SKU048,79
2025-04-21,SKU048,56
2025-04-28,SKU048,73
2025-05-05,SKU048,74
2025-05-12,SKU048,71
2025-05-19,SKU048,61
2025-05-26,SKU048,71
2025-06-02,SKU048,67
2025-06-09,SKU048,59
2025-06-16,SKU048,77
2025-06-23,SKU048,73
2025-06-30,SKU048,50
2025-07-07,SKU048,48
2025-07-14,SKU048,52
2025-07-21,SKU048,67
2025-07-28,SKU048,43
2025-08-04,SKU048,50
2025-08-11,SKU048,35
2025-08-18,SKU048,45
2025-08-25,SKU048,60
2025-09-01,SKU048,57
2025-09-08,SKU048,58
2025-09-15,SKU048,54
2025-09-22,SKU048,50
2025-09-29,SKU048,46
2025-10-06,SKU048,51
2025-10-13,SKU048,59
2025-10-20,SKU048,31
2025-10-27,SKU048,61
2025-11-03,SKU048,63
2025-11-10,SKU048,47
2025-11-17,SKU048,63
2025-11-24,SKU048,36
2025-12-01,SKU048,57
2025-12-08,SKU048,55
2025-12-15,SKU048,58
2025-12-22,SKU048,40
2025-12-29,SKU048,21
2024-01-01,SKU049,177
2024-01-08,SKU049,178
2024-01-15,SKU049,184
2024-01-22,SKU049,181
2024-01-29,SKU049,178
2024-02-05,SKU049,191
2024-02-12,SKU049,194
2024-02-19,SKU049,186
2024-02-26,SKU049,192
2024-03-04,SKU049,207
2024-03-11,SKU049,190
2024-03-18,SKU049,228
2024-03-25,SKU049,221
2024-04-01,SKU049,219
2024-04-08,SKU049,199
2024-04-15,SKU049,193
2024-04-22,SKU049,222
2024-04-29,SKU049,219
2024-05-06,SKU049,200
2024-05-13,SKU049,192
2024-05-20,SKU049,178
2024-05-27,SKU049,196
2024-06-03,SKU049,194
2024-06-10,SKU049,190
2024-06-17,SKU049,187
2024-06-24,SKU049,200
2024-07-01,SKU049,167
2024-07-08,SKU049,165
2024-07-15,SKU049,188
2024-07-22,SKU049,174
2024-07-29,SKU049,176
2024-08-05,SKU049,164
2024-08-12,SKU049,151
2024-08-19,SKU049,138
2024-08-26,SKU049,156
2024-09-02,SKU049,152
2024-09-09,SKU049,164
2024-09-16,SKU049,150
2024-09-23,SKU049,178
2024-09-30,SKU049,147
2024-10-07,SKU049,151
2024-10-14,SKU049,129
2024-10-21,SKU049,148
2024-10-28,SKU049,140
2024-11-04,SKU049,160
2024-11-11,SKU049,141
2024-11-18,SKU049,136
2024-11-25,SKU049,145
2024-12-02,SKU049,149
2024-12-09,SKU049,150
2024-12-16,SKU049,161
2024-12-23,SKU049,135
2024-12-30,SKU049,198
2025-01-06,SKU049,177
2025-01-13,SKU049,183
2025-01-20,SKU049,154
2025-01-27,SKU049,160
2025-02-03,SKU049,199
2025-02-10,SKU049,182
2025-02-17,SKU049,184
2025-02-24,SKU049,207
2025-03-03,SKU049,214
2025-03-10,SKU049,190
2025-03-17,SKU049,218
2025-03-24,SKU049,230
2025-03-31,SKU049,184
2025-04-07,SKU049,213
2025-04-14,SKU049,198
2025-04-21,SKU049,203
2025-04-28,SKU049,202
2025-05-05,SKU049,222
2025-05-12,SKU049,185
2025-05-19,SKU049,187
2025-05-26,SKU049,213
2025-06-02,SKU049,206
2025-06-09,SKU049,206
2025-06-16,SKU049,197
2025-06-23,SKU049,220
2025-06-30,SKU049,156
2025-07-07,SKU049,179
2025-07-14,SKU049,171
2025-07-21,SKU049,168
2025-07-28,SKU049,158
2025-08-04,SKU049,159
2025-08-11,SKU049,163
2025-08-18,SKU049,145
2025-08-25,SKU049,159
2025-09-01,SKU049,152
2025-09-08,SKU049,167
2025-09-15,SKU049,158
2025-09-22,SKU049,168
2025-09-29,SKU049,142
2025-10-06,SKU049,137
2025-10-13,SKU049,152
2025-10-20,SKU049,138
2025-10-27,SKU049,150
2025-11-03,SKU049,152
2025-11-10,SKU049,160
2025-11-17,SKU049,139
2025-11-24,SKU049,159
2025-12-01,SKU049,167
2025-12-08,SKU049,171
2025-12-15,SKU049,147
2025-12-22,SKU049,166
2025-12-29,SKU049,47
2024-01-01,SKU050,49
2024-01-08,SKU050,40
2024-01-15,SKU050,25
2024-01-22,SKU050,37
2024-01-29,SKU050,42
2024-02-05,SKU050,38
2024-02-12,SKU050,33
2024-02-19,SKU050,35
2024-02-26,SKU050,57
2024-03-04,SKU050,49
2024-03-11,SKU050,55
2024-03-18,SKU050,51
2024-03-25,SKU050,60
2024-04-01,SKU050,41
2024-04-08,SKU050,43
2024-04-15,SKU050,49
2024-04-22,SKU050,55
2024-04-29,SKU050,50
2024-05-06,SKU050,45
2024-05-13,SKU050,58
2024-05-20,SKU050,37
2024-05-27,SKU050,50
2024-06-03,SKU050,52
2024-06-10,SKU050,49
2024-06-17,SKU050,50
2024-06-24,SKU050,47
2024-07-01,SKU050,44
2024-07-08,SKU050,42
2024-07-15,SKU050,50
2024-07-22,SKU050,29
2024-07-29,SKU050,39
2024-08-05,SKU050,33
2024-08-12,SKU050,49
2024-08-19,SKU050,29
2024-08-26,SKU050,37
2024-09-02,SKU050,37
2024-09-09,SKU050,52
2024-09-16,SKU050,27
2024-09-23,SKU050,25
2024-09-30,SKU050,34
2024-10-07,SKU050,33
2024-10-14,SKU050,38
2024-10-21,SKU050,38
2024-10-28,SKU050,36
2024-11-04,SKU050,54
2024-11-11,SKU050,48
2024-11-18,SKU050,39
2024-11-25,SKU050,37
2024-12-02,SKU050,33
2024-12-09,SKU050,37
2024-12-16,SKU050,32
2024-12-23,SKU050,54
2024-12-30,SKU050,47
2025-01-06,SKU050,40
2025-01-13,SKU050,40
2025-01-20,SKU050,45
2025-01-27,SKU050,36
2025-02-03,SKU050,41
2025-02-10,SKU050,51
2025-02-17,SKU050,44
2025-02-24,SKU050,53
2025-03-03,SKU050,67
2025-03-10,SKU050,52
2025-03-17,SKU050,61
2025-03-24,SKU050,49
2025-03-31,SKU050,65
2025-04-07,SKU050,48
2025-04-14,SKU050,46
2025-04-21,SKU050,46
2025-04-28,SKU050,45
2025-05-05,SKU050,53
2025-05-12,SKU050,51
2025-05-19,SKU050,70
2025-05-26,SKU050,61
2025-06-02,SKU050,45
2025-06-09,SKU050,49
2025-06-16,SKU050,63
2025-06-23,SKU050,55
2025-06-30,SKU050,44
2025-07-07,SKU050,49
2025-07-14,SKU050,53
2025-07-21,SKU050,43
2025-07-28,SKU050,36
2025-08-04,SKU050,35
2025-08-11,SKU050,43
2025-08-18,SKU050,35
2025-08-25,SKU050,34
2025-09-01,SKU050,29
2025-09-08,SKU050,33
2025-09-15,SKU050,30
2025-09-22,SKU050,38
2025-09-29,SKU050,35
2025-10-06,SKU050,39
2025-10-13,SKU050,31
2025-10-20,SKU050,31
2025-10-27,SKU050,32
2025-11-03,SKU050,46
2025-11-10,SKU050,40
2025-11-17,SKU050,41
2025-11-24,SKU050,30
2025-12-01,SKU050,40
2025-12-08,SKU050,34
2025-12-15,SKU050,34
2025-12-22,SKU050,49
2025-12-29,SKU050,27
